asked_as,player,uuid,season,season_id,age,grade,gender,club,team,games_played,goals,best_player
Mason Reynolds,Mason Reynolds,3950d588-cd98-4fde-ad5c-d958a362ebd6,SER 2026,263ca13b,U14,U14 Mixed Premier Division,unknown (mixed grade),Berwick JFC Boys,Berwick JFC U14 Boys White,13,0,0
Mason Reynolds,Mason Reynolds,3950d588-cd98-4fde-ad5c-d958a362ebd6,SER 2026,263ca13b,U14,U14 Mixed GRADING,unknown (mixed grade),Berwick JFC Boys,Berwick JFC U14 Boys White,13,0,0
Mason Reynolds,Mason Reynolds,3950d588-cd98-4fde-ad5c-d958a362ebd6,SER 2025,8c46e153,U13,GYG - Regional U13 Mixed GRADING,unknown (mixed grade),Berwick JFC Boys,Berwick JFC U13 Boys White,13,1,0
Mason Reynolds,Mason Reynolds,3950d588-cd98-4fde-ad5c-d958a362ebd6,SER 2025,8c46e153,U13,GYG - Regional U13 Mixed Premier Division,unknown (mixed grade),Berwick JFC Boys,Berwick JFC U13 Boys White,13,1,0
Mason Reynolds,Mason Reynolds,3950d588-cd98-4fde-ad5c-d958a362ebd6,SEJ 2024,feccaf1c,U12,SEJ - McDonalds U12 Mixed Blue,unknown (mixed grade),Berwick JFC Boys,Berwick JFC U12 Boys White,15,3,0
Olivia Edwards,Olivia Edwards,cc7dc78b-be8a-4af5-9170-da1db11c7d04,SEJ 2025,48ad3050,U12 Girls,U12 Girls Blue,girls,Pakenham JFC Girls,Pakenham JFC U12 Girls Maroon,11,2,0
Olivia Edwards,Olivia Edwards,cc7dc78b-be8a-4af5-9170-da1db11c7d04,SEJ 2024,feccaf1c,U12 Girls,SEJ - McDonalds U12 Girls Blue,girls,Pakenham JFC Girls,Pakenham JFC U12 Girls,14,0,0
Olivia Edwards,Olivia Edwards,cc7dc78b-be8a-4af5-9170-da1db11c7d04,SEJ 2023,ef761f0e,U10 Girls,SEJ - Little Demons U10 Girls,girls,Pakenham JFC Girls,Pakenham JFC U10 Girls,4,0,0
Olivia Edwards,Olivia Edwards,cc7dc78b-be8a-4af5-9170-da1db11c7d04,SEJ 2023,ef761f0e,U12 Girls,SEJ - McDonalds U12 Girls,girls,Pakenham JFC Girls,Pakenham JFC U12 Girls,10,0,0
Harvey Williams,Harvey Williams,a4d9bf87-e60c-443a-9680-158bd0e27cf5,SEJ 2024,feccaf1c,U8,F&DJFL - U08 Mixed B,unknown (mixed grade),Chelsea JFC Mixed,Chelsea JFC U08 Mixed Blue,14,0,0
Aidan Baker,Aidan Baker,7ba1b062-941a-437f-a0c2-29cf0242b571,SEJ 2024,feccaf1c,U15,AFLSE - Chisholm U15 Boys Navy,boys,Lyndhurst FNC Boys,Lyndhurst FNC U15 Boys,1,0,0
Aidan Baker,Aidan Baker,7ba1b062-941a-437f-a0c2-29cf0242b571,SEJ 2024,feccaf1c,U17,AFLSE - Chisholm U17 Boys Gold,boys,Lyndhurst FNC Boys,Lyndhurst FNC U17 Boys,10,0,0
Jake Noble,Jacob Noble,47fc0499-e9bc-4763-ab24-af4bc764a662,SEJ 2022,3fff6775,U17,AFLSE - Chisholm U17 Premier A,boys,Narre South Lions JFC Boys,Narre South Lions JFC U17 Boys Navy,14,8,0
Jake Noble,Jacob Noble,47fc0499-e9bc-4763-ab24-af4bc764a662,EFNL 2026,2dcbf383,Senior Men,* Premier - Eastland Senior Men,unknown (Men),Noble Park,Noble Park Seniors,7,0,6
Jake Noble,Jacob Noble,47fc0499-e9bc-4763-ab24-af4bc764a662,EFNL 2025,75d8a232,Senior Men,* Premier - Eastland Senior Men,unknown (Men),Noble Park,Noble Park Seniors,16,1,8
Jake Noble,Jacob Noble,47fc0499-e9bc-4763-ab24-af4bc764a662,EFNL 2024,ca9cc98b,Senior Men,* Premier - Eastland Senior Men,unknown (Men),Noble Park,Noble Park Seniors,13,1,3
Jake Noble,Jacob Noble,47fc0499-e9bc-4763-ab24-af4bc764a662,EFNL 2024,ca9cc98b,U19.5,*Premier - U19.5,unknown (Men),Noble Park,Noble Park U19.5,3,5,3
William Rodwell,William Rodwell,8575e8bd-74d4-473a-abaa-97b3cb874b49,EFNL 2026,2dcbf383,U9,U9 - Blue,unknown (mixed grade),Blackburn,Blackburn U9 Black,13,0,0
William Rodwell,William Rodwell,8575e8bd-74d4-473a-abaa-97b3cb874b49,EFNL 2025,75d8a232,U8,U8 - West,unknown (mixed grade),Blackburn,Blackburn U8 Black,13,0,0
Leo Bell,Leo Bell,fc3205a3-709b-411c-850c-1feac445275d,EFNL 2026,2dcbf383,U10,U10 - Red,unknown (mixed grade),Croydon,Croydon U10,13,0,0
Leo Bell,Leo Bell,fc3205a3-709b-411c-850c-1feac445275d,EFNL 2025,75d8a232,U9,U9 - Blue,unknown (mixed grade),Croydon,Croydon U9,13,0,0
Leo Bell,Leo Bell,fc3205a3-709b-411c-850c-1feac445275d,EFNL 2024,ca9cc98b,U8,U8 - North,unknown (mixed grade),Croydon,Croydon U8,6,0,0
Jasper Matheson,Jasper Matheson,7ff184ef-2d39-4498-9481-55cfc9f90bd6,EFNL 2026,2dcbf383,U11,U11 - C,unknown (mixed grade),North Ringwood,North Ringwood U11 Black,12,3,0
Jasper Matheson,Jasper Matheson,7ff184ef-2d39-4498-9481-55cfc9f90bd6,EFNL 2026,2dcbf383,U11,U11 - D1,unknown (mixed grade),North Ringwood,North Ringwood U11 Black,12,3,0
Jasper Matheson,Jasper Matheson,7ff184ef-2d39-4498-9481-55cfc9f90bd6,EFNL 2025,75d8a232,U11,U11 - D1,unknown (mixed grade),North Ringwood,North Ringwood U11 Black,14,0,0
Jasper Matheson,Jasper Matheson,7ff184ef-2d39-4498-9481-55cfc9f90bd6,EFNL 2024,ca9cc98b,U10,U10 - Black,unknown (mixed grade),North Ringwood,North Ringwood U10 Black,13,0,0
Stella Lyons,Stella Lyons,37b3ba39-06fe-4e4a-a4c0-12394b37bc0a,EFNL 2026,2dcbf383,U12 Girls,U12 Girls - A,girls,Norwood Girls,Norwood U12 Girls Purple,15,7,0
Stella Lyons,Stella Lyons,37b3ba39-06fe-4e4a-a4c0-12394b37bc0a,EFNL 2026,2dcbf383,U12 Girls,U12 Girls (Grading),girls,Norwood Girls,Norwood U12 Girls Purple,15,7,0
Stella Lyons,Stella Lyons,37b3ba39-06fe-4e4a-a4c0-12394b37bc0a,EFNL 2025,75d8a232,U12 Girls,U12 Girls,girls,Norwood Girls,Norwood U12 Girls Gold,12,4,0
Stella Lyons,Stella Lyons,37b3ba39-06fe-4e4a-a4c0-12394b37bc0a,EFNL 2025,75d8a232,U12 Girls,U12 Girls - C,girls,Norwood Girls,Norwood U12 Girls Gold,12,4,0
Aaliyah Miller,Aaliyah Miller,e999e06e-cfe7-46a2-a467-bfc35ef469d4,EFNL 2026,2dcbf383,U12 Girls,U12 Girls - A,girls,Norwood Girls,Norwood U12 Girls Purple,15,2,0
Aaliyah Miller,Aaliyah Miller,e999e06e-cfe7-46a2-a467-bfc35ef469d4,EFNL 2026,2dcbf383,U12 Girls,U12 Girls (Grading),girls,Norwood Girls,Norwood U12 Girls Purple,15,2,0
Aaliyah Miller,Aaliyah Miller,e999e06e-cfe7-46a2-a467-bfc35ef469d4,EFNL 2025,75d8a232,U12 Girls,U12 Girls,girls,Norwood Girls,Norwood U12 Girls Purple,11,2,0
Aaliyah Miller,Aaliyah Miller,e999e06e-cfe7-46a2-a467-bfc35ef469d4,EFNL 2025,75d8a232,U12 Girls,U12 Girls - A,girls,Norwood Girls,Norwood U12 Girls Purple,11,2,0
Harper McMahon,Harper McMahon,633a844c-ec53-4db5-9f8a-bb5b62f8956c,EFNL 2026,2dcbf383,U12 Girls,U12 Girls - A,girls,Norwood Girls,Norwood U12 Girls Purple,13,1,0
Harper McMahon,Harper McMahon,633a844c-ec53-4db5-9f8a-bb5b62f8956c,EFNL 2026,2dcbf383,U12 Girls,U12 Girls (Grading),girls,Norwood Girls,Norwood U12 Girls Purple,13,1,0
Harper McMahon,Harper McMahon,633a844c-ec53-4db5-9f8a-bb5b62f8956c,EFNL 2025,75d8a232,U12 Girls,U12 Girls,girls,Norwood Girls,Norwood U12 Girls Gold,8,1,0
Harper McMahon,Harper McMahon,633a844c-ec53-4db5-9f8a-bb5b62f8956c,EFNL 2025,75d8a232,U12 Girls,U12 Girls - C,girls,Norwood Girls,Norwood U12 Girls Gold,8,1,0
Harper McMahon,Harper McMahon,633a844c-ec53-4db5-9f8a-bb5b62f8956c,EFNL 2024,ca9cc98b,U10 Girls,U10 Girls - Black,girls,Norwood Girls,Norwood U10 Girls Gold,10,2,0
Alice Smyth,Alice Smyth,8569b044-0554-47f5-a1bb-f8a903f563b3,EFNL 2026,2dcbf383,U12 Girls,U12 Girls - B,girls,North Ringwood Girls,North Ringwood U12 Girls,15,0,0
Alice Smyth,Alice Smyth,8569b044-0554-47f5-a1bb-f8a903f563b3,EFNL 2026,2dcbf383,U12 Girls,U12 Girls (Grading),girls,North Ringwood Girls,North Ringwood U12 Girls,15,0,0
Alice Smyth,Alice Smyth,8569b044-0554-47f5-a1bb-f8a903f563b3,EFNL 2025,75d8a232,U12 Girls,U12 Girls,girls,North Ringwood Girls,North Ringwood U12 Girls,13,0,0
Alice Smyth,Alice Smyth,8569b044-0554-47f5-a1bb-f8a903f563b3,EFNL 2025,75d8a232,U12 Girls,U12 Girls - B,girls,North Ringwood Girls,North Ringwood U12 Girls,13,0,0
Alice Smyth,Alice Smyth,8569b044-0554-47f5-a1bb-f8a903f563b3,EFNL 2024,ca9cc98b,U10 Girls,U10 Girls - Black,girls,North Ringwood Girls,North Ringwood U10 Girls,13,0,0
Jayde Nickel,Jayde Nickel,f9e104d3-4b98-43ad-a0bc-485eb8a005e7,EFNL 2026,2dcbf383,U12 Girls,U12 Girls - B,girls,North Ringwood Girls,North Ringwood U12 Girls,15,0,0
Jayde Nickel,Jayde Nickel,f9e104d3-4b98-43ad-a0bc-485eb8a005e7,EFNL 2026,2dcbf383,U12 Girls,U12 Girls (Grading),girls,North Ringwood Girls,North Ringwood U12 Girls,15,0,0
Jayde Nickel,Jayde Nickel,f9e104d3-4b98-43ad-a0bc-485eb8a005e7,EFNL 2025,75d8a232,U12 Girls,U12 Girls,girls,North Ringwood Girls,North Ringwood U12 Girls,13,6,0
Jayde Nickel,Jayde Nickel,f9e104d3-4b98-43ad-a0bc-485eb8a005e7,EFNL 2025,75d8a232,U12 Girls,U12 Girls - B,girls,North Ringwood Girls,North Ringwood U12 Girls,13,6,0
Jayde Nickel,Jayde Nickel,f9e104d3-4b98-43ad-a0bc-485eb8a005e7,EFNL 2024,ca9cc98b,U12 Girls,U12 Girls,girls,North Ringwood Girls,North Ringwood U12 Girls,13,0,0
Jayde Nickel,Jayde Nickel,f9e104d3-4b98-43ad-a0bc-485eb8a005e7,EFNL 2024,ca9cc98b,U12 Girls,U12 Girls - A,girls,North Ringwood Girls,North Ringwood U12 Girls,13,0,0
Lexie Hale,Lexie Hale,02b9e7b4-0b23-44bb-9ae2-dc5ffb41ce65,EFNL 2026,2dcbf383,U12 Girls,U12 Girls - B,girls,North Ringwood Girls,North Ringwood U12 Girls,13,0,0
Lexie Hale,Lexie Hale,02b9e7b4-0b23-44bb-9ae2-dc5ffb41ce65,EFNL 2026,2dcbf383,U12 Girls,U12 Girls (Grading),girls,North Ringwood Girls,North Ringwood U12 Girls,13,0,0
Lexie Hale,Lexie Hale,02b9e7b4-0b23-44bb-9ae2-dc5ffb41ce65,EFNL 2025,75d8a232,U10 Girls,U10 Girls - Black,girls,North Ringwood Girls,North Ringwood U10 Girls,9,1,0
Chloe Perrott,Chloe Perrott,995ab3dc-39f0-4ec0-8cc7-6825d7c7c071,EFNL 2026,2dcbf383,U12 Girls,U12 Girls - B,girls,Norwood Girls,Norwood U12 Girls Gold,12,0,0
Chloe Perrott,Chloe Perrott,995ab3dc-39f0-4ec0-8cc7-6825d7c7c071,EFNL 2026,2dcbf383,U12 Girls,U12 Girls (Grading),girls,Norwood Girls,Norwood U12 Girls Gold,12,0,0
Chloe Perrott,Chloe Perrott,995ab3dc-39f0-4ec0-8cc7-6825d7c7c071,EFNL 2025,75d8a232,U12 Girls,U12 Girls,girls,Norwood Girls,Norwood U12 Girls Gold,11,0,0
Chloe Perrott,Chloe Perrott,995ab3dc-39f0-4ec0-8cc7-6825d7c7c071,EFNL 2025,75d8a232,U12 Girls,U12 Girls - C,girls,Norwood Girls,Norwood U12 Girls Gold,11,0,0
Billie Sandow,Billie Sandow,13801850-752b-4d8f-a58f-4f9b7f013743,EFNL 2026,2dcbf383,U12 Girls,U12 Girls - B,girls,Norwood Girls,Norwood U12 Girls Gold,12,0,0
Billie Sandow,Billie Sandow,13801850-752b-4d8f-a58f-4f9b7f013743,EFNL 2026,2dcbf383,U12 Girls,U12 Girls (Grading),girls,Norwood Girls,Norwood U12 Girls Gold,12,0,0
Billie Sandow,Billie Sandow,13801850-752b-4d8f-a58f-4f9b7f013743,EFNL 2025,75d8a232,U12 Girls,U12 Girls,girls,Norwood Girls,Norwood U12 Girls Purple,16,1,0
Billie Sandow,Billie Sandow,13801850-752b-4d8f-a58f-4f9b7f013743,EFNL 2025,75d8a232,U12 Girls,U12 Girls - A,girls,Norwood Girls,Norwood U12 Girls Purple,16,1,0
Billie Sandow,Billie Sandow,13801850-752b-4d8f-a58f-4f9b7f013743,EFNL 2024,ca9cc98b,U10 Girls,U10 Girls - Red,girls,Norwood Girls,Norwood U10 Girls Purple,14,7,0
Olivia Jenkins,Olivia Jenkins,3b6d7488-7f63-4090-a897-3471720577f3,EFNL 2026,2dcbf383,U12 Girls,U12 Girls - B,girls,Norwood Girls,Norwood U12 Girls Gold,11,1,0
Olivia Jenkins,Olivia Jenkins,3b6d7488-7f63-4090-a897-3471720577f3,EFNL 2026,2dcbf383,U12 Girls,U12 Girls (Grading),girls,Norwood Girls,Norwood U12 Girls Gold,11,1,0
Jessica Brand,Jessica Brand,c2bc88de-39d6-4580-90bb-68f43da4ffc2,EFNL 2026,2dcbf383,U12 Girls,U12 Girls - C,girls,Mitcham Girls,Mitcham U12 Girls Black,8,2,0
Elena Montello,Elena Montello,0b6c5891-f799-41b0-9313-c87420ca5346,EFNL 2026,2dcbf383,U12 Girls,U12 Girls - C,girls,Mitcham Girls,Mitcham U12 Girls Black,13,1,0
Elena Montello,Elena Montello,0b6c5891-f799-41b0-9313-c87420ca5346,EFNL 2026,2dcbf383,U12 Girls,U12 Girls (Grading),girls,Mitcham Girls,Mitcham U12 Girls Black,13,1,0
Elena Montello,Elena Montello,0b6c5891-f799-41b0-9313-c87420ca5346,EFNL 2025,75d8a232,U12 Girls,U12 Girls,girls,Mitcham Girls,Mitcham U12 Girls Yellow,11,0,0
Elena Montello,Elena Montello,0b6c5891-f799-41b0-9313-c87420ca5346,EFNL 2025,75d8a232,U12 Girls,U12 Girls - C,girls,Mitcham Girls,Mitcham U12 Girls Yellow,11,0,0
Elena Montello,Elena Montello,0b6c5891-f799-41b0-9313-c87420ca5346,EFNL 2024,ca9cc98b,U10 Girls,U10 Girls - Black,girls,Mitcham Girls,Mitcham U10 Girls,8,1,0
Noah Falla,Noah Falla,fafe8133-7cfe-4c28-b4cd-e42df826ef89,EFNL 2026,2dcbf383,U12,U12 - A,unknown (mixed grade),North Ringwood,North Ringwood U12 Red,15,11,0
Noah Falla,Noah Falla,fafe8133-7cfe-4c28-b4cd-e42df826ef89,EFNL 2025,75d8a232,U11,U11 - A,unknown (mixed grade),North Ringwood,North Ringwood U11 Red,13,15,0
Noah Falla,Noah Falla,fafe8133-7cfe-4c28-b4cd-e42df826ef89,EFNL 2025,75d8a232,U13,U13 - D,unknown (mixed grade),North Ringwood,North Ringwood U13 Black,2,1,0
Noah Falla,Noah Falla,fafe8133-7cfe-4c28-b4cd-e42df826ef89,EFNL 2024,ca9cc98b,U10,U10 - Black,unknown (mixed grade),North Ringwood,North Ringwood U10 Black,14,0,0
Jim Marchesani,Jim Marchesani,6797c8be-cb37-428c-a3ca-8158ffb90211,EFNL 2026,2dcbf383,U12,U12 - A,unknown (mixed grade),North Ringwood,North Ringwood U12 Red,15,2,0
Jim Marchesani,Jim Marchesani,6797c8be-cb37-428c-a3ca-8158ffb90211,EFNL 2026,2dcbf383,U12,U12 - C,unknown (mixed grade),North Ringwood,North Ringwood U12 Black,15,2,0
Jim Marchesani,Jim Marchesani,6797c8be-cb37-428c-a3ca-8158ffb90211,EFNL 2025,75d8a232,U11,U11 - A,unknown (mixed grade),North Ringwood,North Ringwood U11 Red,15,13,0
Jim Marchesani,Jim Marchesani,6797c8be-cb37-428c-a3ca-8158ffb90211,EFNL 2025,75d8a232,U11,U11 - D1,unknown (mixed grade),North Ringwood,North Ringwood U11 Black,15,13,0
Jim Marchesani,Jim Marchesani,6797c8be-cb37-428c-a3ca-8158ffb90211,EFNL 2024,ca9cc98b,U10,U10 - White,unknown (mixed grade),North Ringwood,North Ringwood U10 Red,13,0,0
Nick Driscoll,Nicholas Driscoll,b5766b7e-b384-48f6-97d1-ffe0abd273cd,EFNL 2026,2dcbf383,U12,U12 - A,unknown (mixed grade),Norwood,Norwood U12 Purple,15,4,0
Nick Driscoll,Nicholas Driscoll,b5766b7e-b384-48f6-97d1-ffe0abd273cd,EFNL 2026,2dcbf383,U12,U12 - B,unknown (mixed grade),Norwood,Norwood U12 Purple,15,4,0
Nick Driscoll,Nicholas Driscoll,b5766b7e-b384-48f6-97d1-ffe0abd273cd,EFNL 2024,ca9cc98b,U10,U10 - Blue,unknown (mixed grade),Norwood,Norwood U10,13,6,0
Harrison Shine,Harrison Shine,23c38a86-5585-4cab-acc6-f21a200ad75a,EFNL 2026,2dcbf383,U12,U12 - A,unknown (mixed grade),North Ringwood,North Ringwood U12 Red,15,1,0
Harrison Shine,Harrison Shine,23c38a86-5585-4cab-acc6-f21a200ad75a,EFNL 2025,75d8a232,U11,U11 - A,unknown (mixed grade),North Ringwood,North Ringwood U11 Red,14,1,0
Harrison Shine,Harrison Shine,23c38a86-5585-4cab-acc6-f21a200ad75a,EFNL 2024,ca9cc98b,U10,U10 - White,unknown (mixed grade),North Ringwood,North Ringwood U10 Red,12,0,0
Fin O'Rourke,Finlay O'Rourke,ba304e7c-a869-4d05-9306-ffad0c019563,EFNL 2026,2dcbf383,U12,U12 - A,unknown (mixed grade),Norwood,Norwood U12 Purple,15,14,0
Fin O'Rourke,Finlay O'Rourke,ba304e7c-a869-4d05-9306-ffad0c019563,EFNL 2026,2dcbf383,U12,U12 - B,unknown (mixed grade),Norwood,Norwood U12 Purple,15,14,0
Fin O'Rourke,Finlay O'Rourke,ba304e7c-a869-4d05-9306-ffad0c019563,EFNL 2025,75d8a232,U11,U11 - B,unknown (mixed grade),Norwood,Norwood U11,15,16,0
Fin O'Rourke,Finlay O'Rourke,ba304e7c-a869-4d05-9306-ffad0c019563,EFNL 2024,ca9cc98b,U10,U10 - Blue,unknown (mixed grade),Norwood,Norwood U10,14,8,0
Fin O'Rourke,Finlay O'Rourke,ba304e7c-a869-4d05-9306-ffad0c019563,EFNL 2024,ca9cc98b,U12,U12 - D,unknown (mixed grade),Norwood,Norwood U12 Gold,1,0,0
Isaac Keogh,Isaac Keogh,1aaec7dd-962a-4fae-bc8b-77509516e736,EFNL 2026,2dcbf383,U12,U12 - A,unknown (mixed grade),Norwood,Norwood U12 Purple,16,12,0
Isaac Keogh,Isaac Keogh,1aaec7dd-962a-4fae-bc8b-77509516e736,EFNL 2026,2dcbf383,U12,U12 - B,unknown (mixed grade),Norwood,Norwood U12 Purple,16,12,0
Isaac Keogh,Isaac Keogh,1aaec7dd-962a-4fae-bc8b-77509516e736,EFNL 2025,75d8a232,U11,U11 - B,unknown (mixed grade),Norwood,Norwood U11,15,13,0
Isaac Keogh,Isaac Keogh,1aaec7dd-962a-4fae-bc8b-77509516e736,EFNL 2024,ca9cc98b,U10,U10 - Blue,unknown (mixed grade),Norwood,Norwood U10,11,12,0
Carey Dixon,Carey Dixon,88e1fffe-16bc-49f3-b8cf-f1d5b1b05730,EFNL 2026,2dcbf383,U12,U12 - A,unknown (mixed grade),Norwood,Norwood U12 Purple,13,1,0
Carey Dixon,Carey Dixon,88e1fffe-16bc-49f3-b8cf-f1d5b1b05730,EFNL 2026,2dcbf383,U12,U12 - B,unknown (mixed grade),Norwood,Norwood U12 Purple,13,1,0
Carey Dixon,Carey Dixon,88e1fffe-16bc-49f3-b8cf-f1d5b1b05730,EFNL 2025,75d8a232,U11,U11 - B,unknown (mixed grade),Norwood,Norwood U11,14,1,0
Carey Dixon,Carey Dixon,88e1fffe-16bc-49f3-b8cf-f1d5b1b05730,EFNL 2024,ca9cc98b,U10,U10 - Blue,unknown (mixed grade),Norwood,Norwood U10,11,1,0
Dylan Proctor,Dylan Proctor,2ddc8b5d-2ce0-4848-bce5-5cbf8df00e18,EFNL 2026,2dcbf383,U12,U12 - A,unknown (mixed grade),North Ringwood,North Ringwood U12 Red,15,0,0
Dylan Proctor,Dylan Proctor,2ddc8b5d-2ce0-4848-bce5-5cbf8df00e18,EFNL 2025,75d8a232,U11,U11 - A,unknown (mixed grade),North Ringwood,North Ringwood U11 Red,14,0,0
Dylan Proctor,Dylan Proctor,2ddc8b5d-2ce0-4848-bce5-5cbf8df00e18,EFNL 2024,ca9cc98b,U10,U10 - White,unknown (mixed grade),North Ringwood,North Ringwood U10 Red,12,0,0
Hudson Pretty,Hudson Pretty,3daf45ed-6e57-466a-8eaf-bd962cd60c33,EFNL 2026,2dcbf383,U12,U12 - A,unknown (mixed grade),North Ringwood,North Ringwood U12 Red,15,0,0
Hudson Pretty,Hudson Pretty,3daf45ed-6e57-466a-8eaf-bd962cd60c33,EFNL 2026,2dcbf383,U14,U14 - D,unknown (mixed grade),North Ringwood,North Ringwood U14 Black,1,0,0
Hudson Pretty,Hudson Pretty,3daf45ed-6e57-466a-8eaf-bd962cd60c33,EFNL 2025,75d8a232,U11,U11 - A,unknown (mixed grade),North Ringwood,North Ringwood U11 Red,9,1,0
Hudson Pretty,Hudson Pretty,3daf45ed-6e57-466a-8eaf-bd962cd60c33,EFNL 2025,75d8a232,U13,U13 - D,unknown (mixed grade),North Ringwood,North Ringwood U13 Black,1,0,0
Hudson Pretty,Hudson Pretty,3daf45ed-6e57-466a-8eaf-bd962cd60c33,EFNL 2024,ca9cc98b,U10,U10 - Black,unknown (mixed grade),North Ringwood,North Ringwood U10 Black,14,0,0
Thatcher Taylor,Thatcher Taylor,c8aa4d94-7fd9-462b-bafd-ca6a21082687,EFNL 2026,2dcbf383,U12,U12 - A,unknown (mixed grade),South Croydon,South Croydon U12,13,0,0
Thatcher Taylor,Thatcher Taylor,c8aa4d94-7fd9-462b-bafd-ca6a21082687,EFNL 2025,75d8a232,U11,U11 - A,unknown (mixed grade),South Croydon,South Croydon U11,12,0,0
Thatcher Taylor,Thatcher Taylor,c8aa4d94-7fd9-462b-bafd-ca6a21082687,EFNL 2024,ca9cc98b,U10,U10 - Blue,unknown (mixed grade),Lilydale,Lilydale U10,12,0,0
Jye Creighton,Jye Creighton,d2590bd9-88fe-42e1-938f-bebb0f156933,EFNL 2026,2dcbf383,U12,U12 - A,unknown (mixed grade),North Ringwood,North Ringwood U12 Red,13,0,0
Jye Creighton,Jye Creighton,d2590bd9-88fe-42e1-938f-bebb0f156933,EFNL 2025,75d8a232,U11,U11 - A,unknown (mixed grade),North Ringwood,North Ringwood U11 Red,12,0,0
Jye Creighton,Jye Creighton,d2590bd9-88fe-42e1-938f-bebb0f156933,EFNL 2024,ca9cc98b,U10,U10 - Black,unknown (mixed grade),North Ringwood,North Ringwood U10 Black,14,0,0
Jaxson Adams,Jaxson Adams,0ab7b68c-3462-4d19-be49-56bd7959ef81,EFNL 2026,2dcbf383,U12,U12 - A,unknown (mixed grade),Norwood,Norwood U12 Purple,15,1,0
Jaxson Adams,Jaxson Adams,0ab7b68c-3462-4d19-be49-56bd7959ef81,EFNL 2026,2dcbf383,U12,U12 - B,unknown (mixed grade),Norwood,Norwood U12 Purple,15,1,0
Jaxson Adams,Jaxson Adams,0ab7b68c-3462-4d19-be49-56bd7959ef81,EFNL 2025,75d8a232,U11,U11 - B,unknown (mixed grade),Norwood,Norwood U11,10,7,0
Jaxson Adams,Jaxson Adams,0ab7b68c-3462-4d19-be49-56bd7959ef81,EFNL 2024,ca9cc98b,U10,U10 - Blue,unknown (mixed grade),Norwood,Norwood U10,13,2,0
Max Tierney,Max Tierney,47b3a476-13e8-4ec7-9c9e-d979144fbfca,EFNL 2026,2dcbf383,U12,U12 - A,unknown (mixed grade),Norwood,Norwood U12 Purple,16,4,0
Max Tierney,Max Tierney,47b3a476-13e8-4ec7-9c9e-d979144fbfca,EFNL 2026,2dcbf383,U12,U12 - B,unknown (mixed grade),Norwood,Norwood U12 Purple,16,4,0
Abel Jenkins,Abel Jenkins,b86bffca-4b5c-4b39-a398-022b4e595267,EFNL 2026,2dcbf383,U12,U12 - A,unknown (mixed grade),Norwood,Norwood U12 Purple,15,0,0
Abel Jenkins,Abel Jenkins,b86bffca-4b5c-4b39-a398-022b4e595267,EFNL 2026,2dcbf383,U12,U12 - B,unknown (mixed grade),Norwood,Norwood U12 Purple,15,0,0
Abel Jenkins,Abel Jenkins,b86bffca-4b5c-4b39-a398-022b4e595267,EFNL 2025,75d8a232,U11,U11 - B,unknown (mixed grade),Norwood,Norwood U11,15,1,0
Oscar Gleadow,Oscar Gleadow,3acb17d9-a166-4a86-bd5b-d03324b0c499,EFNL 2026,2dcbf383,U12,U12 - A,unknown (mixed grade),Norwood,Norwood U12 Purple,14,0,0
Oscar Gleadow,Oscar Gleadow,3acb17d9-a166-4a86-bd5b-d03324b0c499,EFNL 2026,2dcbf383,U12,U12 - B,unknown (mixed grade),Norwood,Norwood U12 Purple,14,0,0
"Toby Jovic / Jovic, Toby (target)",Toby Jovic,0afc7690-c2db-4644-b039-af1c34520af3,EFNL 2026,2dcbf383,U12,U12 - A,unknown (mixed grade),Norwood,Norwood U12 Purple,13,5,0
"Toby Jovic / Jovic, Toby (target)",Toby Jovic,0afc7690-c2db-4644-b039-af1c34520af3,EFNL 2026,2dcbf383,U12,U12 - B,unknown (mixed grade),Norwood,Norwood U12 Purple,13,5,0
"Toby Jovic / Jovic, Toby (target)",Toby Jovic,0afc7690-c2db-4644-b039-af1c34520af3,EFNL 2025,75d8a232,U11,U11 - B,unknown (mixed grade),Norwood,Norwood U11,15,5,0
"Toby Jovic / Jovic, Toby (target)",Toby Jovic,0afc7690-c2db-4644-b039-af1c34520af3,EFNL 2024,ca9cc98b,U10,U10 - Blue,unknown (mixed grade),Norwood,Norwood U10,12,2,0
Nate Bajcic,Nate Bajcic,9bf47619-fb8e-4523-b224-719c5e8c3df8,EFNL 2026,2dcbf383,U12,U12 - B,unknown (mixed grade),Mitcham,Mitcham U12,16,6,0
Nate Bajcic,Nate Bajcic,9bf47619-fb8e-4523-b224-719c5e8c3df8,EFNL 2025,75d8a232,U10,U10 - White,unknown (mixed grade),Mitcham Tigers Boys,Mitcham Tigers U10 Boys Black,1,0,0
Nate Bajcic,Nate Bajcic,9bf47619-fb8e-4523-b224-719c5e8c3df8,EFNL 2025,75d8a232,U11,U11 - C,unknown (mixed grade),Mitcham,Mitcham U11,15,12,0
Nate Bajcic,Nate Bajcic,9bf47619-fb8e-4523-b224-719c5e8c3df8,EFNL 2024,ca9cc98b,U9,U9 - Gold,unknown (mixed grade),Mitcham,Mitcham U9 Yellow,1,0,0
Nate Bajcic,Nate Bajcic,9bf47619-fb8e-4523-b224-719c5e8c3df8,EFNL 2024,ca9cc98b,U10,U10 - White,unknown (mixed grade),Mitcham,Mitcham U10,10,0,0
Blake Annells,Blake Annells,55276395-c3a0-4126-af0d-b643bbaa20c6,EFNL 2026,2dcbf383,U12,U12 - B,unknown (mixed grade),Mitcham,Mitcham U12,12,3,0
Blake Annells,Blake Annells,55276395-c3a0-4126-af0d-b643bbaa20c6,EFNL 2025,75d8a232,U11,U11 - C,unknown (mixed grade),Mitcham,Mitcham U11,11,1,0
Blake Annells,Blake Annells,55276395-c3a0-4126-af0d-b643bbaa20c6,EFNL 2024,ca9cc98b,U10,U10 - White,unknown (mixed grade),Mitcham,Mitcham U10,11,0,0
Zayden Weller-McClutchie,Zayden Weller-McClutchie,4cd86986-4351-42d1-b169-cb59d3d9c62a,EFNL 2026,2dcbf383,U12,U12 - B,unknown (mixed grade),East Ringwood,East Ringwood U12,16,15,0
Zayden Weller-McClutchie,Zayden Weller-McClutchie,4cd86986-4351-42d1-b169-cb59d3d9c62a,EFNL 2026,2dcbf383,U12,U12 - C,unknown (mixed grade),East Ringwood,East Ringwood U12,16,15,0
Jack Baker,Jack Baker,5228d85f-1783-4101-8deb-aadb3f0cfcdc,EFNL 2026,2dcbf383,U12,U12 - B,unknown (mixed grade),Lilydale,Lilydale U12,14,0,0
Jack Baker,Jack Baker,5228d85f-1783-4101-8deb-aadb3f0cfcdc,EFNL 2025,75d8a232,U11,U11 - B,unknown (mixed grade),Lilydale,Lilydale U11,5,0,0
Archer England,Archer England,5a6b1bea-168f-4c84-8edb-1517eba15dbd,EFNL 2026,2dcbf383,U12,U12 - B,unknown (mixed grade),East Ringwood,East Ringwood U12,15,0,0
Archer England,Archer England,5a6b1bea-168f-4c84-8edb-1517eba15dbd,EFNL 2026,2dcbf383,U12,U12 - C,unknown (mixed grade),East Ringwood,East Ringwood U12,15,0,0
Archer England,Archer England,5a6b1bea-168f-4c84-8edb-1517eba15dbd,EFNL 2025,75d8a232,U11,U11 - B,unknown (mixed grade),East Ringwood,East Ringwood U11,14,0,0
Archer England,Archer England,5a6b1bea-168f-4c84-8edb-1517eba15dbd,EFNL 2025,75d8a232,U11,U11 - C,unknown (mixed grade),East Ringwood,East Ringwood U11,14,0,0
Archer England,Archer England,5a6b1bea-168f-4c84-8edb-1517eba15dbd,EFNL 2024,ca9cc98b,U10,U10 - Blue,unknown (mixed grade),East Ringwood,East Ringwood U10,14,0,0
Aidan Baker,Aidan Baker,fa0239c4-ba1c-41ca-8cf6-21f5a4d2b049,EFNL 2026,2dcbf383,U12,U12 - B,unknown (mixed grade),East Ringwood,East Ringwood U12,16,1,0
Aidan Baker,Aidan Baker,fa0239c4-ba1c-41ca-8cf6-21f5a4d2b049,EFNL 2026,2dcbf383,U12,U12 - C,unknown (mixed grade),East Ringwood,East Ringwood U12,16,1,0
Aidan Baker,Aidan Baker,fa0239c4-ba1c-41ca-8cf6-21f5a4d2b049,EFNL 2025,75d8a232,U11,U11 - B,unknown (mixed grade),East Ringwood,East Ringwood U11,15,2,0
Aidan Baker,Aidan Baker,fa0239c4-ba1c-41ca-8cf6-21f5a4d2b049,EFNL 2025,75d8a232,U11,U11 - C,unknown (mixed grade),East Ringwood,East Ringwood U11,15,2,0
Aidan Baker,Aidan Baker,fa0239c4-ba1c-41ca-8cf6-21f5a4d2b049,EFNL 2025,75d8a232,U12,U12 - B,unknown (mixed grade),East Ringwood,East Ringwood U12,2,0,0
Aidan Baker,Aidan Baker,fa0239c4-ba1c-41ca-8cf6-21f5a4d2b049,EFNL 2024,ca9cc98b,U10,U10 - Blue,unknown (mixed grade),East Ringwood,East Ringwood U10,13,0,0
Parker Rossoukas,PARKER ROSSOUKAS,6a22d8d3-5a36-4834-b076-20303dff7d80,EFNL 2026,2dcbf383,U12,U12 - C,unknown (mixed grade),North Ringwood,North Ringwood U12 Black,13,0,0
Parker Rossoukas,PARKER ROSSOUKAS,6a22d8d3-5a36-4834-b076-20303dff7d80,EFNL 2025,75d8a232,U11,U11 - D1,unknown (mixed grade),North Ringwood,North Ringwood U11 Black,15,9,0
Parker Rossoukas,PARKER ROSSOUKAS,6a22d8d3-5a36-4834-b076-20303dff7d80,EFNL 2024,ca9cc98b,U10,U10 - White,unknown (mixed grade),North Ringwood,North Ringwood U10 Red,11,0,0
Lloyd Wells,Lloyd Wells,da94677b-4cac-4d15-9b36-5765f937271e,EFNL 2026,2dcbf383,U12,U12 - D,unknown (mixed grade),Norwood Gold/Heathmont,Norwood Gold/Heathmont U12,14,3,0
Lloyd Wells,Lloyd Wells,da94677b-4cac-4d15-9b36-5765f937271e,EFNL 2025,75d8a232,U11,U11 - B,unknown (mixed grade),Norwood,Norwood U11,15,4,0
Elliot Wells,Elliot Wells,378a01bd-0770-4e54-a098-0a88f375f974,EFNL 2026,2dcbf383,U12,U12 - D,unknown (mixed grade),Norwood Gold/Heathmont,Norwood Gold/Heathmont U12,14,2,0
Elliot Wells,Elliot Wells,378a01bd-0770-4e54-a098-0a88f375f974,EFNL 2025,75d8a232,U11,U11 - B,unknown (mixed grade),Norwood,Norwood U11,14,1,0
Thomas Watkins,Thomas Watkins,da23032f-b990-4d8a-af54-e32367bc1fbe,EFNL 2026,2dcbf383,U12,U12 - D,unknown (mixed grade),Mooroolbark,Mooroolbark U12,14,2,0
Jude Smethurst,Jude Smethurst,549a84f5-9aa7-4294-a65c-a21ad0e8cbd3,EFNL 2026,2dcbf383,U12,U12 - D,unknown (mixed grade),Norwood Gold/Heathmont,Norwood Gold/Heathmont U12,14,0,0
Jude Smethurst,Jude Smethurst,549a84f5-9aa7-4294-a65c-a21ad0e8cbd3,EFNL 2025,75d8a232,U11,U11 - B,unknown (mixed grade),Norwood,Norwood U11,14,1,0
Jude Smethurst,Jude Smethurst,549a84f5-9aa7-4294-a65c-a21ad0e8cbd3,EFNL 2024,ca9cc98b,U10,U10 - Blue,unknown (mixed grade),Norwood,Norwood U10,13,0,0
Olivia Jenkins,Olivia Jenkins,8c2c93a8-b03f-4dc8-84fd-4690ac653ced,EFNL 2026,2dcbf383,U12,U12 - D,unknown (mixed grade),Upper Ferntree,Upper Ferntree Gully U12,11,0,0
Tom Funslow,Tom Funslow,db9003e7-248b-49eb-9111-32ca36c0ae0d,EFNL 2026,2dcbf383,U13,U13 - B,unknown (mixed grade),East Ringwood,East Ringwood U13,14,14,0
Tom Funslow,Tom Funslow,db9003e7-248b-49eb-9111-32ca36c0ae0d,EFNL 2026,2dcbf383,U13,U13 - C,unknown (mixed grade),East Ringwood,East Ringwood U13,14,14,0
Tom Funslow,Tom Funslow,db9003e7-248b-49eb-9111-32ca36c0ae0d,EFNL 2025,75d8a232,U12,U12 - B,unknown (mixed grade),East Ringwood,East Ringwood U12,14,2,0
Tom Funslow,Tom Funslow,db9003e7-248b-49eb-9111-32ca36c0ae0d,EFNL 2024,ca9cc98b,U11,U11 - B,unknown (mixed grade),East Ringwood,East Ringwood U11,10,0,0
Max Parish,Max Parish,e8a2708c-bb5d-442f-afb4-c0fc34fddb6e,EFNL 2026,2dcbf383,U13,U13 - B,unknown (mixed grade),East Ringwood,East Ringwood U13,14,3,0
Max Parish,Max Parish,e8a2708c-bb5d-442f-afb4-c0fc34fddb6e,EFNL 2026,2dcbf383,U13,U13 - C,unknown (mixed grade),East Ringwood,East Ringwood U13,14,3,0
Max Parish,Max Parish,e8a2708c-bb5d-442f-afb4-c0fc34fddb6e,EFNL 2025,75d8a232,U12,U12 - B,unknown (mixed grade),East Ringwood,East Ringwood U12,14,1,0
Max Parish,Max Parish,e8a2708c-bb5d-442f-afb4-c0fc34fddb6e,EFNL 2024,ca9cc98b,U11,U11 - B,unknown (mixed grade),East Ringwood,East Ringwood U11,10,1,0
Mason Reynolds,Mason Reynolds,67434b74-3a52-428f-aa9b-53dd2a7831b8,EFNL 2026,2dcbf383,U15,U15 - D,boys,The Basin,The Basin U15,13,1,0
Mason Reynolds,Mason Reynolds,67434b74-3a52-428f-aa9b-53dd2a7831b8,EFNL 2025,75d8a232,U14,U14 - D,unknown (mixed grade),The Basin,The Basin U14,12,0,0
Mason Reynolds,Mason Reynolds,67434b74-3a52-428f-aa9b-53dd2a7831b8,EFNL 2024,ca9cc98b,U13,U13 - C,unknown (mixed grade),The Basin,The Basin U13,11,1,0
Mala Dickson,Mala Dickson,be16db44-420f-4876-856b-3fccfc38ed6f,EFNL 2025,75d8a232,U10 Girls,U10 Girls - Black,girls,Norwood Girls,Norwood U10 Girls Gold,12,2,0
Mala Dickson,Mala Dickson,be16db44-420f-4876-856b-3fccfc38ed6f,EFNL 2024,ca9cc98b,U10 Girls,U10 Girls - Black,girls,Norwood Girls,Norwood U10 Girls Gold,13,3,0
Myla Johnson,Myla johnson,dcb91ed3-2f3b-42e8-ac4b-3186aad33ae4,EFNL 2025,75d8a232,U10 Girls,U10 Girls - Black,girls,North Ringwood Girls,North Ringwood U10 Girls,12,0,0
Myla Johnson,Myla johnson,dcb91ed3-2f3b-42e8-ac4b-3186aad33ae4,EFNL 2024,ca9cc98b,U10 Girls,U10 Girls - Black,girls,North Ringwood Girls,North Ringwood U10 Girls,12,0,0
Max Tierney,Max Tierney,a96c65be-74c4-47a2-8296-1d37072a1de8,EFNL 2025,75d8a232,U11,U11 - B,unknown (mixed grade),Norwood,Norwood U11,15,10,0
Josh Bevan,Joshua Bevan,0dd8fe80-f0f0-4f4b-9da0-59b8f847def1,EFNL 2025,75d8a232,U11,U11 - D1,unknown (mixed grade),North Ringwood,North Ringwood U11 Black,12,1,0
Lacey Schultz,Lacey Schultz,e0aaa56b-a399-46e6-811e-e8c7061f4b5b,EFNL 2025,75d8a232,U12 Girls,U12 Girls,girls,Norwood Girls,Norwood U12 Girls Gold,14,0,0
Lacey Schultz,Lacey Schultz,e0aaa56b-a399-46e6-811e-e8c7061f4b5b,EFNL 2025,75d8a232,U12 Girls,U12 Girls - C,girls,Norwood Girls,Norwood U12 Girls Gold,14,0,0
Lacey Schultz,Lacey Schultz,e0aaa56b-a399-46e6-811e-e8c7061f4b5b,EFNL 2024,ca9cc98b,U10 Girls,U10 Girls - Black,girls,Norwood Girls,Norwood U10 Girls Gold,14,1,0
Leila Van Schalkwyk,Leila van Schalkwyk,94c53091-42f1-4182-8e94-d9d1e744ca2b,EFNL 2025,75d8a232,U12 Girls,U12 Girls,girls,Norwood Girls,Norwood U12 Girls Gold,12,0,0
Leila Van Schalkwyk,Leila van Schalkwyk,94c53091-42f1-4182-8e94-d9d1e744ca2b,EFNL 2025,75d8a232,U12 Girls,U12 Girls - C,girls,Norwood Girls,Norwood U12 Girls Gold,12,0,0
Aaleahya Bournaris,Aaleahya Bournaris,40459e94-0ff3-4224-81f4-3ce6475dd415,EFNL 2025,75d8a232,U12 Girls,U12 Girls,girls,Mitcham Girls,Mitcham U12 Girls Yellow,11,0,0
Aaleahya Bournaris,Aaleahya Bournaris,40459e94-0ff3-4224-81f4-3ce6475dd415,EFNL 2025,75d8a232,U12 Girls,U12 Girls - C,girls,Mitcham Girls,Mitcham U12 Girls Yellow,11,0,0
Aaleahya Bournaris,Aaleahya Bournaris,40459e94-0ff3-4224-81f4-3ce6475dd415,EFNL 2024,ca9cc98b,U10 Girls,U10 Girls - Black,girls,Mitcham Girls,Mitcham U10 Girls,12,0,0
Maisy Willis,Maisy Willis,bef358d9-826d-46a0-afdb-e73a91aecb0b,EFNL 2025,75d8a232,U12 Girls,U12 Girls,girls,Norwood Girls,Norwood U12 Girls Gold,13,0,0
Maisy Willis,Maisy Willis,bef358d9-826d-46a0-afdb-e73a91aecb0b,EFNL 2025,75d8a232,U12 Girls,U12 Girls - C,girls,Norwood Girls,Norwood U12 Girls Gold,13,0,0
Maisy Willis,Maisy Willis,bef358d9-826d-46a0-afdb-e73a91aecb0b,EFNL 2024,ca9cc98b,U10 Girls,U10 Girls - Black,girls,Norwood Girls,Norwood U10 Girls Gold,13,1,0
Matilda Lay,Matilda Lay,b7b62b9e-1a17-4a81-abb2-06a9cc882706,EFNL 2025,75d8a232,U12 Girls,U12 Girls,girls,Norwood Girls,Norwood U12 Girls Gold,13,0,0
Matilda Lay,Matilda Lay,b7b62b9e-1a17-4a81-abb2-06a9cc882706,EFNL 2025,75d8a232,U12 Girls,U12 Girls - C,girls,Norwood Girls,Norwood U12 Girls Gold,13,0,0
Olivia Jenkins,liv jenkins,db822863-ed47-4d52-8334-0b7a73f2d780,EFNL 2025,75d8a232,U18 Girls,Deakin Uni - U18 Girls,girls,Mt Evelyn Girls,Mt Evelyn U18 Girls,14,10,0
Olivia Jenkins,liv jenkins,db822863-ed47-4d52-8334-0b7a73f2d780,EFNL 2025,75d8a232,U18 Girls,Deakin Uni U18 Girls - A,girls,Mt Evelyn Girls,Mt Evelyn U18 Girls,14,10,0
Olivia Jenkins,liv jenkins,db822863-ed47-4d52-8334-0b7a73f2d780,EFNL 2024,ca9cc98b,U18 Girls,Deakin Uni - U18 Girls,girls,Mount Evelyn Girls,Mount Evelyn U18 Girls,13,7,0
Olivia Jenkins,liv jenkins,db822863-ed47-4d52-8334-0b7a73f2d780,EFNL 2024,ca9cc98b,U18 Girls,Deakin Uni U18 Girls - A,girls,Mount Evelyn Girls,Mount Evelyn U18 Girls,13,7,0
Lucas Wood,Lucas Wood,0702b382-3cdb-4ba4-a76b-2b6e52ba6432,EFNL 2024,ca9cc98b,U10,U10 - Blue,unknown (mixed grade),Norwood,Norwood U10,12,0,0
Roman Versailles,Roman Versailles,96a042c8-a23a-4675-bedc-f898a8273b5b,EFNL 2024,ca9cc98b,U10,U10 - Blue,unknown (mixed grade),East Ringwood,East Ringwood U10,9,0,0
Max Counsel,Max Counsel,c8c72749-b53b-4a9e-8887-00281170e1f2,EFNL 2024,ca9cc98b,U10,U10 - Blue,unknown (mixed grade),Norwood,Norwood U10,8,0,0
Lucas Nicola,Lucas Nicola,81771c13-8001-49ec-9872-78ac448169fb,EFNL 2024,ca9cc98b,U10,U10 - White,unknown (mixed grade),North Ringwood,North Ringwood U10 Red,1,0,0
Ryder Grace,Ryder Grace,8c1ae393-63d7-4b3b-9551-4abfff02590e,WFNL 2026,2170ac5a,U14,Western Bulldogs U14 Mixed Division 4,unknown (mixed grade),Altona Junior Vikings Mixed,Altona Junior Vikings U14 Mixed 2,13,1,1
Ryder Grace,Ryder Grace,8c1ae393-63d7-4b3b-9551-4abfff02590e,WFNL 2025,5488f6a0,U12,Western Bulldogs U12 Mixed Division 3,unknown (mixed grade),Altona Junior Vikings Mixed,Altona Junior Vikings U12 Mixed 2,13,1,3
Ryder Grace,Ryder Grace,8c1ae393-63d7-4b3b-9551-4abfff02590e,WFNL 2025,5488f6a0,U12,Western Bulldogs U12 Mixed Division 4,unknown (mixed grade),Altona Junior Vikings Mixed,Altona Junior Vikings U12 Mixed 2,13,1,3
Ryder Grace,Ryder Grace,8c1ae393-63d7-4b3b-9551-4abfff02590e,WFNL 2025,5488f6a0,U12,Western Bulldogs U12 Mixed Grading,unknown (mixed grade),Altona Junior Vikings Mixed,Altona Junior Vikings U12 Mixed 2,13,1,3
Ryder Grace,Ryder Grace,8c1ae393-63d7-4b3b-9551-4abfff02590e,WFNL 2024,c8e95577,U12,Western Bulldogs U12 Mixed Division 4,unknown (mixed grade),Altona Junior Vikings Mixed,Altona Junior Vikings U12 Mixed 2,12,0,0
Ryder Grace,Ryder Grace,8c1ae393-63d7-4b3b-9551-4abfff02590e,WFNL 2024,c8e95577,U12,Western Bulldogs U12 Mixed Division 5,unknown (mixed grade),Altona Junior Vikings Mixed,Altona Junior Vikings U12 Mixed 2,12,0,0
Jack Baker,Jack Baker,2a5d7ffe-cb22-40b4-bbec-1e961b8f64fa,WFNL 2026,2170ac5a,U10,Western Bulldogs U10 Mixed Blue,unknown (mixed grade),Sunshine Mixed,Sunshine U10 Mixed,12,2,0
Jack Baker,Jack Baker,2a5d7ffe-cb22-40b4-bbec-1e961b8f64fa,WFNL 2026,2170ac5a,U10,Western Bulldogs U10 Mixed White,unknown (mixed grade),Sunshine Mixed,Sunshine U10 Mixed,12,2,0
Jack Baker,Jack Baker,2a5d7ffe-cb22-40b4-bbec-1e961b8f64fa,WFNL 2025,5488f6a0,U8,Western Bulldogs U8 Mixed Red,unknown (mixed grade),Sunshine Kangaroos Mixed,Sunshine Kangaroos U8 Mixed,11,0,0
Ava Robertson,Ava Robertson,08b12ac6-ccd1-400e-8038-cc6e428ece00,WFNL 2024,c8e95577,U14 Girls,Western Bulldogs U14 Girls Division 1,girls,Williamstown Juniors Girls,Williamstown Juniors U14 Girls Team 1,14,11,2
Ava Robertson,Ava Robertson,08b12ac6-ccd1-400e-8038-cc6e428ece00,WFNL 2024,c8e95577,U14 Girls,Western Bulldogs U14 Girls Division 2,girls,Williamstown Juniors Girls,Williamstown Juniors U14 Girls Team 2,14,11,2
Jake Graham,Jake Graham,1674a3a7-aca9-4130-a9b6-293c68d37970,YJFL 2025,fbe5e275,U11,U11 Mixed (2),unknown (mixed grade),Park Orchards Mixed,Park Orchards U11 Mixed,8,0,0
Jake Graham,Jake Graham,1674a3a7-aca9-4130-a9b6-293c68d37970,YJFL 2025,fbe5e275,U11,U11 Mixed Grading,unknown (mixed grade),Park Orchards Mixed,Park Orchards U11 Mixed,8,0,0
Jake Graham,Jake Graham,1674a3a7-aca9-4130-a9b6-293c68d37970,YJFL 2024,3733598c,U10,U10 Mixed Zone 2,unknown (mixed grade),Park Orchards Mixed,Park Orchards U10 Mixed,9,0,0
Jake Graham,Jake Graham,1674a3a7-aca9-4130-a9b6-293c68d37970,YJFL 2024,3733598c,U10,U10 Mixed Zone 5,unknown (mixed grade),Park Orchards Mixed,Park Orchards U10 Mixed,9,0,0
Jake Graham,Jake Graham,1674a3a7-aca9-4130-a9b6-293c68d37970,YJFL 2022,3c56297e,U8,U8 Mixed Central,unknown (mixed grade),Park Orchards Mixed,Park Orchards U8 Mixed,8,0,0
Harvey Williams,Harvey Williams,11cedd5f-ef94-4c82-9149-829ff722b4dd,YJFL 2024,3733598c,U9,U9 Mixed North (1),unknown (mixed grade),Macleod Mixed B,Macleod U9 Mixed B,6,0,0
Harvey Williams,Harvey Williams,db0c68cc-b62b-48e6-9be2-af09c5af78ab,YJFL 2023,d6ed597a,U9,U9 Mixed North (2),unknown (mixed grade),Preston Bullants Mixed,Preston Bullants U9 Mixed Red,4,0,0
Harvey Williams,Harvey Williams,db0c68cc-b62b-48e6-9be2-af09c5af78ab,YJFL 2022,3c56297e,U8,U8 Mixed North,unknown (mixed grade),Preston Bullants Mixed,Preston Bullants U8 Mixed,10,0,0
Daisy Coleman,Daisy Coleman,66390524-a2c9-4a30-b3cf-cd3aec7073f4,YJFL 2023,d6ed597a,U10 Girls,U10 Girls,girls,Park Orchards Girls,Park Orchards U10 Girls,12,3,0
Harvey Williams,Harvey Williams,2523ffa2-fece-45ae-8058-943a48c83999,YJFL 2022,3c56297e,U14,U14 Mixed Brown,unknown (mixed grade),Canterbury Mixed B,Canterbury U14 Mixed B,10,0,0
