relationship,player,uuid,gender_seen,in_supplied_list,games,seasons,teams,first_game,last_game
team-mate,Jaxon Rowan,de590c53-2d8f-4714-ab97-99e425d36eb1,unknown (not in a season we hold),no,39,EFNL 2024 | EFNL 2025 | EFNL 2026,Norwood | Norwood Purple,2024-04-07,2026-08-23
team-mate,Finlay O'Rourke,ba304e7c-a869-4d05-9306-ffad0c019563,unknown (mixed grade),yes,39,EFNL 2024 | EFNL 2025 | EFNL 2026,Norwood | Norwood Purple,2024-04-07,2026-08-23
team-mate,Zac Weichard,cb031919-e612-4d77-a482-4b0761b40662,unknown (not in a season we hold),no,39,EFNL 2024 | EFNL 2025 | EFNL 2026,Norwood | Norwood Purple,2024-04-07,2026-08-23
team-mate,Isaac Keogh,1aaec7dd-962a-4fae-bc8b-77509516e736,unknown (mixed grade),yes,38,EFNL 2024 | EFNL 2025 | EFNL 2026,Norwood | Norwood Purple,2024-04-07,2026-08-23
team-mate,Lachlan Thorvardson,69927bf2-d09b-48a2-9dfd-52fe3e0a9175,unknown (not in a season we hold),no,38,EFNL 2024 | EFNL 2025 | EFNL 2026,Norwood | Norwood Purple,2024-04-07,2026-08-23
team-mate,Jack Falla,dde7a85c-8dda-4421-8e9e-cbc515e0c38c,unknown (not in a season we hold),no,37,EFNL 2024 | EFNL 2025 | EFNL 2026,Norwood | Norwood Purple,2024-04-07,2026-08-23
team-mate,Thomas Arbuckle,eccecaba-70f9-4c3b-8798-62a2e5a74d21,unknown (not in a season we hold),no,36,EFNL 2024 | EFNL 2025 | EFNL 2026,Norwood | Norwood Purple,2024-04-07,2026-08-23
team-mate,Carey Dixon,88e1fffe-16bc-49f3-b8cf-f1d5b1b05730,unknown (mixed grade),yes,35,EFNL 2024 | EFNL 2025 | EFNL 2026,Norwood | Norwood Purple,2024-04-07,2026-08-23
team-mate,Marius Bartlett,a342a416-e2b5-4bbb-ab39-7db7f97a82c8,unknown (not in a season we hold),no,35,EFNL 2024 | EFNL 2025 | EFNL 2026,Norwood | Norwood Purple,2024-04-07,2026-08-23
team-mate,Isaac Schaube,fbf13b96-70f8-4ddc-ad10-7a9a75ecf5e8,unknown (not in a season we hold),no,33,EFNL 2024 | EFNL 2025 | EFNL 2026,Norwood | Norwood Purple,2024-04-07,2026-08-23
team-mate,Jaxson Adams,0ab7b68c-3462-4d19-be49-56bd7959ef81,unknown (mixed grade),yes,33,EFNL 2024 | EFNL 2025 | EFNL 2026,Norwood | Norwood Purple,2024-04-14,2026-08-23
team-mate,Ned Thompson,7a5dd0ff-f419-41ee-96ad-9fb055735b35,unknown (not in a season we hold),no,33,EFNL 2024 | EFNL 2025 | EFNL 2026,Norwood | Norwood Purple,2024-04-07,2026-08-23
team-mate,Luke Myers,18d7bd04-a7d1-4860-825d-411393b064c2,unknown (not in a season we hold),no,31,EFNL 2024 | EFNL 2025 | EFNL 2026,Norwood | Norwood Purple,2024-04-07,2026-08-23
team-mate,Max Tierney,47b3a476-13e8-4ec7-9c9e-d979144fbfca,unknown (mixed grade),yes,28,EFNL 2025 | EFNL 2026,Norwood | Norwood Purple,2025-04-06,2026-08-23
team-mate,Abel Jenkins,b86bffca-4b5c-4b39-a398-022b4e595267,unknown (mixed grade),yes,27,EFNL 2025 | EFNL 2026,Norwood | Norwood Purple,2025-04-06,2026-08-23
team-mate,Ryan Davis,e3189eda-bc48-4f5a-b058-3a057dab77e7,unknown (not in a season we hold),no,27,EFNL 2025 | EFNL 2026,Norwood | Norwood Purple,2025-04-06,2026-08-23
team-mate,Ryder Smith,430f3edb-a3fc-4fff-990a-08eb6792659d,unknown (not in a season we hold),no,25,EFNL 2025 | EFNL 2026,Norwood | Norwood Purple,2025-04-06,2026-08-23
team-mate,Xavier Bennett,f9523484-ce42-4206-a98f-a7db255c9fe4,unknown (not in a season we hold),no,25,EFNL 2025 | EFNL 2026,Norwood | Norwood Purple,2025-04-27,2026-08-23
team-mate,Jude Smethurst,549a84f5-9aa7-4294-a65c-a21ad0e8cbd3,unknown (mixed grade),yes,25,EFNL 2024 | EFNL 2025,Norwood,2024-04-07,2025-08-24
team-mate,Nicholas Driscoll,b5766b7e-b384-48f6-97d1-ffe0abd273cd,unknown (mixed grade),yes,23,EFNL 2024 | EFNL 2026,Norwood | Norwood Purple,2024-04-07,2026-08-23
team-mate,Jai Rochford,adde1d89-3d26-46c9-9431-c6f02325e262,unknown (not in a season we hold),no,21,EFNL 2024 | EFNL 2025,Norwood,2024-04-07,2025-08-24
opponent,Jai Rochford,adde1d89-3d26-46c9-9431-c6f02325e262,unknown (not in a season we hold),no,1,EFNL 2026,Chirnside Park,2026-07-12,2026-07-12
team-mate,Lloyd Wells,da94677b-4cac-4d15-9b36-5765f937271e,unknown (mixed grade),yes,15,EFNL 2025,Norwood,2025-04-06,2025-08-24
team-mate,Sebastian Millard,95290d47-922f-481b-8a2c-01779bae05f8,unknown (not in a season we hold),no,12,EFNL 2026,Norwood Purple,2026-04-26,2026-08-23
opponent,Sebastian Millard,95290d47-922f-481b-8a2c-01779bae05f8,unknown (not in a season we hold),no,2,EFNL 2024,Mooroolbark,2024-04-07,2024-05-05
team-mate,Elliot Wells,378a01bd-0770-4e54-a098-0a88f375f974,unknown (mixed grade),yes,14,EFNL 2025,Norwood,2025-04-06,2025-08-24
team-mate,Benjamin Urmston,3c787950-ca52-4ce0-b8e0-807f7c5c24d7,unknown (not in a season we hold),no,14,EFNL 2025,Norwood,2025-04-27,2025-08-24
team-mate,Caisy Gaylard,df43c732-279e-45ba-b0f2-17d8f9c69a4b,unknown (not in a season we hold),no,13,EFNL 2026,Norwood Purple,2026-04-26,2026-08-23
team-mate,hudson walker,1cdf90fb-da9c-4879-a6f8-72b9bcf8e2da,unknown (not in a season we hold),no,12,EFNL 2026,Norwood Purple,2026-04-26,2026-08-23
team-mate,Oscar Gleadow,3acb17d9-a166-4a86-bd5b-d03324b0c499,unknown (mixed grade),yes,12,EFNL 2026,Norwood Purple,2026-04-26,2026-08-23
team-mate,Ashton Sturgess,b6b6fc5d-b589-43bf-a44d-dc172256141f,unknown (not in a season we hold),no,12,EFNL 2024,Norwood,2024-04-07,2024-07-21
team-mate,Koa Butler,2ad3c6d9-26f4-44ad-bb21-f4d31027bcd0,unknown (not in a season we hold),no,12,EFNL 2024,Norwood,2024-04-07,2024-07-21
team-mate,Luke Hudson,8e2dde38-3482-455e-a026-b64b43d801bc,unknown (not in a season we hold),no,11,EFNL 2024,Norwood,2024-04-07,2024-07-21
team-mate,Lucas Wood,0702b382-3cdb-4ba4-a76b-2b6e52ba6432,unknown (mixed grade),yes,10,EFNL 2024,Norwood,2024-04-07,2024-07-14
team-mate,Lachlan Hopkins,98909e20-3b2f-4ae7-bcb5-94472e598a9f,unknown (not in a season we hold),no,9,EFNL 2024,Norwood,2024-04-28,2024-07-21
team-mate,Alex Hovorka,b1d558c6-24bc-4803-9bc1-f9d98a9a7114,unknown (not in a season we hold),no,8,EFNL 2024,Norwood,2024-04-07,2024-06-16
opponent,Nixon Hogan,9de917a7-3f81-4183-b45c-5fd60de48e4d,unknown (not in a season we hold),no,7,EFNL 2025 | EFNL 2026,The Basin,2025-04-06,2026-08-23
opponent,Noah Clacy,a42670c5-1f09-44db-8e65-694547ada4c7,unknown (not in a season we hold),no,7,EFNL 2025 | EFNL 2026,The Basin,2025-04-06,2026-08-23
opponent,Brodie Aaltonen,2345d7a8-d0d7-42c4-9ace-95118f847188,unknown (not in a season we hold),no,7,EFNL 2025 | EFNL 2026,The Basin,2025-04-06,2026-08-23
opponent,Jack Travers,411bef09-d580-4233-a081-20bf4e926673,unknown (not in a season we hold),no,7,EFNL 2025 | EFNL 2026,The Basin,2025-04-06,2026-08-23
opponent,Rafferty Wylde,abf180a3-28d8-4690-ad71-6ebf1764bb44,unknown (not in a season we hold),no,7,EFNL 2025 | EFNL 2026,The Basin,2025-04-06,2026-08-23
opponent,Oaklee Perger-Jude,0fc97558-1331-4f5d-8bc9-3c5bfa067100,unknown (not in a season we hold),no,7,EFNL 2025 | EFNL 2026,The Basin,2025-04-06,2026-08-23
opponent,Jacob Bricknell,5cbc6152-9b03-42b5-92f2-d302f629987d,unknown (not in a season we hold),no,7,EFNL 2025 | EFNL 2026,The Basin,2025-04-06,2026-08-23
opponent,Jackson Bounds,f959c768-85cc-4f3b-a47c-1630d61e65c3,unknown (not in a season we hold),no,7,EFNL 2025 | EFNL 2026,The Basin,2025-04-06,2026-08-23
opponent,Harrison Layton,6331a420-6f3f-463d-9f8b-157ef81feaf5,unknown (not in a season we hold),no,7,EFNL 2025 | EFNL 2026,The Basin,2025-04-06,2026-08-23
opponent,Jobe Smith,933c0ac3-c9ce-4302-8146-652f795d1690,unknown (not in a season we hold),no,7,EFNL 2025 | EFNL 2026,The Basin,2025-04-06,2026-08-23
opponent,Louie Ridgway,a08eda86-ad5f-40ed-bfa2-59f13a971603,unknown (not in a season we hold),no,7,EFNL 2025 | EFNL 2026,The Basin,2025-04-06,2026-08-23
opponent,Tyler Beggs,b1a1d84e-b390-4216-b44b-80bfe8e8464e,unknown (not in a season we hold),no,7,EFNL 2025 | EFNL 2026,The Basin,2025-04-06,2026-08-23
opponent,Finn Price,3d060a3b-0244-4f63-acbc-ca0fef246fc0,unknown (not in a season we hold),no,6,EFNL 2025 | EFNL 2026,The Basin,2025-04-06,2026-08-23
opponent,Hudson Mann,0d6ecca8-8201-4be8-8865-e5a0484c337e,unknown (not in a season we hold),no,6,EFNL 2025 | EFNL 2026,The Basin,2025-04-06,2026-08-23
opponent,Bailey Boersma,bbd1e496-0d4f-46c8-b7a8-34ea51f254fd,unknown (not in a season we hold),no,6,EFNL 2025 | EFNL 2026,The Basin,2025-04-06,2026-08-23
opponent,Billy Winsall,00622ed0-7ca1-4993-a914-d096ded154b5,unknown (not in a season we hold),no,6,EFNL 2025 | EFNL 2026,The Basin,2025-04-06,2026-08-23
opponent,Cooper Harris,95a186d8-0636-4b8f-a077-4ddbb2619bce,unknown (not in a season we hold),no,6,EFNL 2025 | EFNL 2026,The Basin,2025-04-06,2026-08-23
opponent,Joseph Harris,bfb2fb3c-2769-4700-814e-a9e709359f26,unknown (not in a season we hold),no,6,EFNL 2025 | EFNL 2026,The Basin,2025-06-01,2026-08-23
opponent,Blake Humphrey,e5aba5a2-0fe5-49be-ac02-d7da34830609,unknown (not in a season we hold),no,6,EFNL 2025 | EFNL 2026,The Basin,2025-04-06,2026-08-23
opponent,Kyler Foy,0ef0ffec-7d57-41d4-a84b-e6a7ea7dc1e9,unknown (not in a season we hold),no,6,EFNL 2025 | EFNL 2026,The Basin,2025-04-06,2026-08-23
team-mate,Max Counsel,c8c72749-b53b-4a9e-8887-00281170e1f2,unknown (mixed grade),yes,6,EFNL 2024,Norwood,2024-04-07,2024-07-21
team-mate,Liam Martino,22eaf93d-5df6-4189-8b25-324b978abfa2,unknown (not in a season we hold),no,6,EFNL 2024,Norwood,2024-05-05,2024-07-14
opponent,Johnathan VLAMIS,601602e1-528e-4993-80e4-400143454ed7,unknown (not in a season we hold),no,5,EFNL 2024 | EFNL 2025 | EFNL 2026,Lilydale,2024-05-19,2026-06-14
opponent,Mitchell Batten,2a019bfb-012e-44dd-a712-07d30fadb729,unknown (not in a season we hold),no,5,EFNL 2024 | EFNL 2025 | EFNL 2026,Lilydale,2024-05-19,2026-06-14
opponent,Theodore Williams,af643dad-b16c-4719-8a99-a65b771027e1,unknown (not in a season we hold),no,5,EFNL 2024 | EFNL 2025 | EFNL 2026,Lilydale,2024-05-19,2026-06-14
opponent,Jake Hanley,65692573-6ddf-4344-843a-b4c6250363a8,unknown (not in a season we hold),no,5,EFNL 2024 | EFNL 2025 | EFNL 2026,Lilydale,2024-05-19,2026-06-14
opponent,Reid Agnew,04b49b7b-2df1-4477-aa13-569e626e275f,unknown (not in a season we hold),no,5,EFNL 2024 | EFNL 2025 | EFNL 2026,Lilydale,2024-05-19,2026-06-14
opponent,Kade Neagle,165d0c28-1097-4807-81e4-81d5081417eb,unknown (not in a season we hold),no,5,EFNL 2024 | EFNL 2025 | EFNL 2026,Lilydale,2024-05-19,2026-06-14
opponent,Thomas Morgan,2db310c4-ff57-4158-8af4-8a34506b0b0b,unknown (not in a season we hold),no,5,EFNL 2024 | EFNL 2025 | EFNL 2026,Lilydale,2024-05-19,2026-06-14
opponent,Nixon Murphy,2e30d3d6-1743-4a37-a812-bc532fb3464b,unknown (not in a season we hold),no,5,EFNL 2024 | EFNL 2025 | EFNL 2026,Lilydale,2024-05-19,2026-06-14
opponent,Harrison Chambers,53f4bc80-7602-45c9-9093-176af4c7232e,unknown (not in a season we hold),no,5,EFNL 2024 | EFNL 2025 | EFNL 2026,Lilydale,2024-05-19,2026-06-14
opponent,Isaac Dalton,4e494dec-5eab-4cd7-ba13-187eb90e6991,unknown (not in a season we hold),no,4,EFNL 2026,The Basin,2026-05-31,2026-08-23
opponent,Tanner Bennett,01b2510d-9101-4b62-af75-b6351fc1db01,unknown (not in a season we hold),no,4,EFNL 2024 | EFNL 2025 | EFNL 2026,Lilydale,2024-05-19,2026-06-14
opponent,Harrison Allan,82efa585-6785-49f8-9866-3b0ebe257c26,unknown (not in a season we hold),no,4,EFNL 2025 | EFNL 2026,Lilydale,2025-04-27,2026-06-14
opponent,Daniel Harris,6ca423f7-ac95-4182-b612-21b785091091,unknown (not in a season we hold),no,4,EFNL 2024 | EFNL 2025 | EFNL 2026,Lilydale,2024-05-19,2026-06-14
opponent,Levi Fogarty,604c98de-00f2-43d3-9aeb-adb1d2836307,unknown (not in a season we hold),no,4,EFNL 2025 | EFNL 2026,Lilydale,2025-04-27,2026-06-14
opponent,Kasey Loftus,19a04383-681f-4f43-baa9-a682cfcfc6a5,unknown (not in a season we hold),no,4,EFNL 2024 | EFNL 2025 | EFNL 2026,Lilydale,2024-05-19,2026-06-14
opponent,Logan Fleischer,bf7e05e3-318a-4f0b-8e4b-60a03d294e05,unknown (not in a season we hold),no,4,EFNL 2025 | EFNL 2026,Rowville,2025-05-18,2026-06-28
opponent,Jasper Patterson,115a22c6-ee5a-4f5a-a66f-537366bc0fd1,unknown (not in a season we hold),no,4,EFNL 2025 | EFNL 2026,Rowville,2025-05-18,2026-06-28
opponent,Mason Kirton,193510b3-7e70-4a20-9869-efd2b555a344,unknown (not in a season we hold),no,4,EFNL 2025 | EFNL 2026,Rowville,2025-05-18,2026-06-28
opponent,Riley Moore,5e5719c2-18df-4485-830e-7bec2a615846,unknown (not in a season we hold),no,4,EFNL 2025 | EFNL 2026,Rowville,2025-05-18,2026-06-28
opponent,Noah Smith,b2068dee-ff6c-4d1f-b4c5-2931256589a4,unknown (not in a season we hold),no,4,EFNL 2025 | EFNL 2026,Rowville,2025-05-18,2026-06-28
opponent,Nash Longano,cf02f018-9426-4b2e-af44-5a1fbd6a91cb,unknown (not in a season we hold),no,4,EFNL 2025 | EFNL 2026,Rowville,2025-05-18,2026-06-28
opponent,James Easden,aaa2eacd-9cbf-4a05-bbaf-e330e5b68229,unknown (not in a season we hold),no,4,EFNL 2025 | EFNL 2026,Rowville,2025-05-18,2026-06-28
opponent,Brody Seymour,dde6a757-ef41-48db-8249-96727f4674aa,unknown (not in a season we hold),no,4,EFNL 2025 | EFNL 2026,Rowville,2025-05-18,2026-06-28
opponent,Levi Jones,ef3ff985-c96b-4e1f-b60f-3c684ba115f6,unknown (not in a season we hold),no,4,EFNL 2025 | EFNL 2026,Rowville,2025-05-18,2026-06-28
opponent,Lucas Alibrando,8fc564cd-7b61-4736-a005-400d2c5b4f7b,unknown (not in a season we hold),no,4,EFNL 2025 | EFNL 2026,Rowville,2025-05-18,2026-06-28
opponent,Connor Weiland,8f3bf032-ff4b-4018-85e4-1dad7ef7d4e5,unknown (not in a season we hold),no,4,EFNL 2025 | EFNL 2026,Rowville,2025-05-18,2026-06-28
opponent,Julian Zomer,c6fc47d7-e272-4a3c-b27a-2fb6722e4bc6,unknown (not in a season we hold),no,4,EFNL 2025 | EFNL 2026,Rowville,2025-05-18,2026-06-28
opponent,Jaxon Miller,7bfafb6a-c18a-4d94-91cf-4ad17ae48e6e,unknown (not in a season we hold),no,4,EFNL 2025 | EFNL 2026,Rowville,2025-05-18,2026-06-28
opponent,Jaxon Edwards,85214ff5-4048-4b77-9c3d-e3a43c2bcd31,unknown (not in a season we hold),no,4,EFNL 2025 | EFNL 2026,Rowville,2025-05-18,2026-06-28
opponent,Oliver Bayri,9b491886-c1dc-4754-9e3e-1d78713a558f,unknown (not in a season we hold),no,4,EFNL 2025 | EFNL 2026,Rowville,2025-05-18,2026-06-28
opponent,Mitchell O’Sullivan,93be5022-af90-42e5-a0d5-8c4dece72fdc,unknown (not in a season we hold),no,4,EFNL 2025 | EFNL 2026,Rowville,2025-05-18,2026-06-28
opponent,Charlie O’Sullivan,0a713f6f-41fe-43b6-9138-8319bf463a57,unknown (not in a season we hold),no,4,EFNL 2025 | EFNL 2026,Rowville,2025-05-18,2026-06-28
opponent,Patrick Smethurst,0c546654-892f-41e4-a72e-42edd0b13c77,unknown (not in a season we hold),no,4,EFNL 2025 | EFNL 2026,Rowville,2025-05-18,2026-06-28
opponent,Asip Asipi,44b81249-0c3e-4412-bf68-bf4e00c242e9,unknown (not in a season we hold),no,4,EFNL 2025 | EFNL 2026,Rowville,2025-05-18,2026-06-28
opponent,Lachlan Papillo,632c2d9e-ab9a-4bab-b876-0458f6f66e6b,unknown (not in a season we hold),no,4,EFNL 2025 | EFNL 2026,Vermont | Vermont Purple,2025-05-25,2026-07-19
opponent,Liam Dougherty,06c092d6-1334-4c44-861c-ef3e8880d68d,unknown (not in a season we hold),no,4,EFNL 2025 | EFNL 2026,Vermont | Vermont Purple,2025-05-25,2026-07-19
opponent,Evan Reilly,11cbb576-be6d-4f2e-acd8-64745ff34d07,unknown (not in a season we hold),no,4,EFNL 2025 | EFNL 2026,Vermont | Vermont Purple,2025-05-25,2026-07-19
opponent,Ethan Dougherty,10b189c3-1841-46fa-ba1c-03a5ab06f89f,unknown (not in a season we hold),no,4,EFNL 2025 | EFNL 2026,Vermont | Vermont Purple,2025-05-25,2026-07-19
opponent,Patrick Harvey,83fb3498-1336-4897-931e-ac50fe0ee0d6,unknown (not in a season we hold),no,4,EFNL 2025 | EFNL 2026,Vermont | Vermont Purple,2025-05-25,2026-07-19
opponent,Nate Little,1dc74fe9-e7f3-43d9-8e85-91947b509f2c,unknown (not in a season we hold),no,4,EFNL 2025 | EFNL 2026,Vermont | Vermont Purple,2025-05-25,2026-07-19
opponent,Leo Fiorenza,ef33c713-2732-4c6b-9f6d-dde6e0bd37f9,unknown (not in a season we hold),no,4,EFNL 2025 | EFNL 2026,Vermont | Vermont Purple,2025-05-25,2026-07-19
opponent,Joel James,d53c903a-0b66-477d-ac2b-0ba187ccab90,unknown (not in a season we hold),no,4,EFNL 2025 | EFNL 2026,Vermont | Vermont Purple,2025-05-25,2026-07-19
opponent,Rhys Dean-Blom,9562934f-8e33-416d-9859-17a8775db0d1,unknown (not in a season we hold),no,4,EFNL 2025 | EFNL 2026,Vermont | Vermont Purple,2025-05-25,2026-07-19
opponent,Jayden Weimer,1c6724dc-e29d-4dd6-8abb-976c37b348f6,unknown (not in a season we hold),no,4,EFNL 2025 | EFNL 2026,Vermont | Vermont Purple,2025-05-25,2026-07-19
opponent,Zack Moylan,de6a9672-6685-4d61-9601-ba680674dd12,unknown (not in a season we hold),no,4,EFNL 2025 | EFNL 2026,Vermont | Vermont Purple,2025-05-25,2026-07-19
opponent,Atticus Amore,0b59b1c1-6214-4fbb-bef7-75500525b520,unknown (not in a season we hold),no,4,EFNL 2025 | EFNL 2026,Vermont | Vermont Purple,2025-05-25,2026-07-19
opponent,Darcy McQueen,0c83a490-1864-49be-b71c-dae48ebe2555,unknown (not in a season we hold),no,4,EFNL 2025 | EFNL 2026,Vermont | Vermont Purple,2025-05-25,2026-07-19
opponent,Noah Russouw,a262fbf6-1264-499d-9e93-73436860a49b,unknown (not in a season we hold),no,4,EFNL 2025 | EFNL 2026,Vermont | Vermont Purple,2025-05-25,2026-07-19
opponent,Henry Smith,c57aed0f-11a6-4144-af08-bb31eebdd49e,unknown (not in a season we hold),no,4,EFNL 2025 | EFNL 2026,Vermont | Vermont Purple,2025-05-25,2026-07-19
opponent,Harvey Pruden,fa0b64b7-91cb-4518-be00-874c0e9cdcb4,unknown (not in a season we hold),no,4,EFNL 2025 | EFNL 2026,Vermont | Vermont Purple,2025-05-25,2026-07-19
opponent,Oliver Baxter,f2a87a7f-40c2-4307-bf94-14f5d7c87545,unknown (not in a season we hold),no,4,EFNL 2025 | EFNL 2026,Vermont | Vermont Purple,2025-05-25,2026-07-19
opponent,Dylan Field,c97e51a0-9a81-4602-b005-6431a63510db,unknown (not in a season we hold),no,4,EFNL 2024 | EFNL 2025,Lilydale,2024-05-19,2025-07-27
opponent,James Levy,470dc7d4-9b6b-4234-8fcd-e371345f4481,unknown (not in a season we hold),no,4,EFNL 2024 | EFNL 2025,Lilydale,2024-05-19,2025-07-27
opponent,Kirby Hamilton,43e97643-300c-4808-8fef-b92c0371eef4,unknown (not in a season we hold),no,4,EFNL 2024 | EFNL 2025,Lilydale,2024-05-19,2025-07-27
opponent,Harvey Juchno,ba476ae2-6eb6-47d1-ac8b-a64b1b3146ab,unknown (not in a season we hold),no,3,EFNL 2026,The Basin,2026-08-02,2026-08-23
opponent,Harrison Constance,2e7cacb2-fcc6-4f11-9f2e-0e4c97d315a6,unknown (not in a season we hold),no,3,EFNL 2024 | EFNL 2025 | EFNL 2026,Lilydale,2024-05-19,2026-06-14
opponent,Mason Cosstick,39daae2c-2667-44fd-9e98-48a975ff4ed5,unknown (not in a season we hold),no,3,EFNL 2024 | EFNL 2025 | EFNL 2026,Lilydale,2024-05-19,2026-06-14
opponent,Hunter Mapp,963fc186-4884-4625-b3ce-56589224f2cc,unknown (not in a season we hold),no,3,EFNL 2025 | EFNL 2026,Rowville,2025-06-29,2026-06-28
opponent,Alex Theodoulou,b5924b08-4fa4-40cf-86cb-be9b8050b7d3,unknown (not in a season we hold),no,3,EFNL 2025 | EFNL 2026,Rowville,2025-06-29,2026-06-28
opponent,Lewis Cumming,680bf48e-030e-4c4e-872c-927eb48dbccc,unknown (not in a season we hold),no,3,EFNL 2025 | EFNL 2026,Rowville,2025-06-29,2026-06-28
opponent,Noah Amy,f95264b4-eccf-424e-811d-82156769a42d,unknown (not in a season we hold),no,3,EFNL 2025 | EFNL 2026,Rowville,2025-05-18,2026-06-28
opponent,Alexander Pettit,5ba07207-fb5e-4979-b81b-c39d996897ff,unknown (not in a season we hold),no,3,EFNL 2025 | EFNL 2026,Vermont | Vermont Purple,2025-05-25,2026-07-19
opponent,Nikolai D'Elton,03ad9785-2360-445a-9926-19e62bf0e3ea,unknown (not in a season we hold),no,3,EFNL 2025 | EFNL 2026,Vermont | Vermont Purple,2025-05-25,2026-07-19
opponent,Joshua Crisostomo,9fdb8a60-21db-4f70-96a4-44488b406aca,unknown (not in a season we hold),no,3,EFNL 2025 | EFNL 2026,Vermont | Vermont Purple,2025-05-25,2026-07-19
opponent,Levi McLaughlin,18fbb0f8-ee62-4fa6-8945-f11f13ba7a07,unknown (not in a season we hold),no,3,EFNL 2025,The Basin,2025-04-06,2025-07-20
opponent,Patrick Grace,80246c0d-cbe5-4477-9e06-98eda92521bb,unknown (not in a season we hold),no,3,EFNL 2025,The Basin,2025-04-06,2025-07-20
opponent,Flynn Bain,9f5e9ebd-ebd8-462f-927d-a18ffaf72b53,unknown (not in a season we hold),no,3,EFNL 2025,Lilydale,2025-04-27,2025-07-27
opponent,Jordan Howard,7e9a49d2-3c71-4e95-8933-fd9516c3f29f,unknown (not in a season we hold),no,3,EFNL 2024 | EFNL 2025,Montrose Blue,2024-04-28,2025-05-04
opponent,Lennox Glen,c06203e0-b5ee-41dc-b668-632984122939,unknown (not in a season we hold),no,3,EFNL 2024 | EFNL 2025,Montrose Blue,2024-04-28,2025-05-04
opponent,Lenny Boeck,a82e3487-fa5f-4a78-b352-50ee45be7073,unknown (not in a season we hold),no,3,EFNL 2024 | EFNL 2025,Montrose Blue,2024-04-28,2025-05-04
opponent,Logan Stella,63d34ab9-0a19-44a0-9821-239df39eeb4b,unknown (not in a season we hold),no,3,EFNL 2024 | EFNL 2025,Montrose Blue,2024-04-28,2025-05-04
opponent,Hugo Bourke,46b274da-eb8f-4b69-b55e-7175c859be6c,unknown (not in a season we hold),no,3,EFNL 2024 | EFNL 2025,Montrose Blue,2024-04-28,2025-05-04
opponent,Max Tasker,bbd81514-78f4-436d-be17-a895d77141fb,unknown (not in a season we hold),no,3,EFNL 2024 | EFNL 2025,Montrose Blue,2024-04-28,2025-05-04
opponent,Luke Hanley,a803eecc-bd9c-46e9-8457-857679709a34,unknown (not in a season we hold),no,3,EFNL 2024 | EFNL 2025,Montrose Blue,2024-04-28,2025-05-04
opponent,Noah Cass,aa162472-dfad-4514-b4c4-c8e22aaaead9,unknown (not in a season we hold),no,3,EFNL 2024 | EFNL 2025,Montrose Blue,2024-04-28,2025-05-04
opponent,Logan Lok,e62b7d68-0b0b-40de-8a52-e64b2841122c,unknown (not in a season we hold),no,3,EFNL 2025,Rowville,2025-05-18,2025-08-24
opponent,Zahid Akramy,b6f98015-91cd-4925-9eac-46337b06e71e,unknown (not in a season we hold),no,3,EFNL 2025,Rowville,2025-05-18,2025-08-24
opponent,William Harbeck,5871f8d1-d276-4b18-9291-24e4a51597c3,unknown (not in a season we hold),no,3,EFNL 2025,Vermont Purple,2025-05-25,2025-08-10
opponent,Ben Holloway,83b0bf52-5d17-4220-9bfd-32aa524098c1,unknown (not in a season we hold),no,3,EFNL 2025,Vermont Purple,2025-05-25,2025-08-10
opponent,Emmanuel Petinakis,06d716b7-7aba-4c18-9570-a9d8f859cb21,unknown (not in a season we hold),no,3,EFNL 2025,Vermont Purple,2025-05-25,2025-08-10
opponent,Jacob McCaul,e6821a2f-097a-444f-8dc5-2364535bdcda,unknown (not in a season we hold),no,3,EFNL 2024,Blackburn Black,2024-05-12,2024-07-21
opponent,Declan O'Sullivan,178ec80d-b1f6-432f-b6d5-630cc423db0c,unknown (not in a season we hold),no,3,EFNL 2024,Blackburn Black,2024-05-12,2024-07-21
opponent,Thomas Rowe,cacdeb29-61e8-4e6b-8430-b615e3936a2b,unknown (not in a season we hold),no,3,EFNL 2024,Blackburn Black,2024-05-12,2024-07-21
opponent,Charlton Massingham,20b75401-111c-48d0-8514-2aa231185030,unknown (not in a season we hold),no,3,EFNL 2024,Blackburn Black,2024-05-12,2024-07-21
opponent,Ted Janson,14cb037a-3bb9-4275-97e8-a94adc90bfc5,unknown (not in a season we hold),no,3,EFNL 2024,Blackburn Black,2024-05-12,2024-07-21
opponent,Jonathan Cruickshank,8aff6218-e831-43c0-8782-7a5ed50a0e23,unknown (not in a season we hold),no,3,EFNL 2024,Blackburn Black,2024-05-12,2024-07-21
opponent,Jet Sinclair,46a3b4c5-77b0-4889-b8dc-fb90c5a1dc6f,unknown (not in a season we hold),no,3,EFNL 2024,Blackburn Black,2024-05-12,2024-07-21
opponent,Liam Snowden,ff8bc913-f056-4225-968b-65951f274a34,unknown (not in a season we hold),no,3,EFNL 2024,Blackburn Black,2024-05-12,2024-07-21
opponent,Lachlan Riley,0067dde7-7f2f-4ad4-868d-ffc2d394eb87,unknown (not in a season we hold),no,3,EFNL 2024,Blackburn Black,2024-05-12,2024-07-21
opponent,Xavier Holland,77181df1-76a4-41d9-8187-798562104b89,unknown (not in a season we hold),no,3,EFNL 2024,Blackburn Black,2024-05-12,2024-07-21
opponent,Lachlan Coyle,4b4e85a2-936e-4b55-8f13-9378b7fcb31f,unknown (not in a season we hold),no,3,EFNL 2024,Blackburn Black,2024-05-12,2024-07-21
opponent,Archie Papadopoulos,0eb3e668-67b8-4d23-8582-319a69b84735,unknown (not in a season we hold),no,3,EFNL 2024,Blackburn Black,2024-05-12,2024-07-21
opponent,Edward Whelan,b11f7bd8-92e6-4a18-b500-25f8d8e7cae0,unknown (not in a season we hold),no,3,EFNL 2024,Blackburn Black,2024-05-12,2024-07-21
opponent,Jeronimo Eraso,f96dc4ff-4f16-4749-baa8-c52816b68621,unknown (not in a season we hold),no,3,EFNL 2024,Blackburn Black,2024-05-12,2024-07-21
opponent,Martin Eraso,e27f1561-c3b1-44b9-9ca3-f72485673f49,unknown (not in a season we hold),no,3,EFNL 2024,Blackburn Black,2024-05-12,2024-07-21
opponent,Axton Catto,57124374-70b4-40e0-a416-6f3b95ad7808,unknown (not in a season we hold),no,3,EFNL 2024,Blackburn Black,2024-05-12,2024-07-21
opponent,Oliver Walford,9c00bc2a-a72c-4b2f-8f4b-a61e3e7e792b,unknown (not in a season we hold),no,3,EFNL 2024,Blackburn Black,2024-05-12,2024-07-21
opponent,Leon Radimisis,1a422a88-41b7-4c50-92db-cfab6b9b99d7,unknown (not in a season we hold),no,3,EFNL 2024,Blackburn Black,2024-05-12,2024-07-21
opponent,Spencer Cattanach,8d9f6b67-cd52-459d-aa0c-b0e7aaeb5046,unknown (not in a season we hold),no,2,EFNL 2026,South Belgrave,2026-05-24,2026-07-26
opponent,Jack Rogerson,eb5e6862-4f7e-4fd9-91e2-10d2e2c227e1,unknown (not in a season we hold),no,2,EFNL 2026,South Belgrave,2026-05-24,2026-07-26
opponent,Hunter Weir,5d14cf62-0489-4b6b-a5a9-edd3bfcffafd,unknown (not in a season we hold),no,2,EFNL 2026,South Belgrave,2026-05-24,2026-07-26
opponent,Kaizer Kinnes,fb64f19a-87f3-4a4b-8942-db95745c6344,unknown (not in a season we hold),no,2,EFNL 2026,South Belgrave,2026-05-24,2026-07-26
opponent,Sam Dwyer,089100fb-06ae-4f8b-8dbd-c429e7577598,unknown (not in a season we hold),no,2,EFNL 2026,South Belgrave,2026-05-24,2026-07-26
opponent,Boyd Maloney,db4fc911-eb33-4029-9bb1-4637472ea5e0,unknown (not in a season we hold),no,2,EFNL 2026,South Belgrave,2026-05-24,2026-07-26
opponent,Rafael Coe,8b243689-6b1f-4cd4-acef-f329ab576fef,unknown (not in a season we hold),no,2,EFNL 2026,South Belgrave,2026-05-24,2026-07-26
opponent,Ethan Grujicic,12bb2fe6-a279-4b73-86e0-32896bae23dc,unknown (not in a season we hold),no,2,EFNL 2026,South Belgrave,2026-05-24,2026-07-26
opponent,Stanley Cattanach,060f754b-ee94-406a-8465-e50689b4bc11,unknown (not in a season we hold),no,2,EFNL 2026,South Belgrave,2026-05-24,2026-07-26
opponent,Jayden Walther,3956f46a-9d71-4812-b907-a22da58186fe,unknown (not in a season we hold),no,2,EFNL 2026,South Belgrave,2026-05-24,2026-07-26
opponent,Jensen Stevens,c048d6a2-d01f-4636-a035-d9efadc6f02c,unknown (not in a season we hold),no,2,EFNL 2026,South Belgrave,2026-05-24,2026-07-26
opponent,Jax McKenna,f5834e58-fca4-41ab-b617-4e62715f04f7,unknown (not in a season we hold),no,2,EFNL 2026,South Belgrave,2026-05-24,2026-07-26
opponent,Liam Frost,d0aeb9e8-3476-4366-9ddb-0b7f4ffab512,unknown (not in a season we hold),no,2,EFNL 2026,South Belgrave,2026-05-24,2026-07-26
opponent,Thomas Hoare,abc0e591-5c74-4a1a-aca0-94daad583473,unknown (not in a season we hold),no,2,EFNL 2026,South Belgrave,2026-05-24,2026-07-26
opponent,Ruben Azzam,162ee10e-9b74-4e8d-8165-f263ef95f991,unknown (not in a season we hold),no,2,EFNL 2026,South Belgrave,2026-05-24,2026-07-26
opponent,Jake Sullivan,9fd4b08b-af72-4bf4-98dc-f91ff8347774,unknown (not in a season we hold),no,2,EFNL 2026,South Belgrave,2026-05-24,2026-07-26
opponent,Flynn Bilston,67b6fbf7-a381-4916-9066-d5dfb64a19ee,unknown (not in a season we hold),no,2,EFNL 2026,South Belgrave,2026-05-24,2026-07-26
opponent,Jack Baker,5228d85f-1783-4101-8deb-aadb3f0cfcdc,unknown (mixed grade),yes,2,EFNL 2025 | EFNL 2026,Lilydale,2025-07-27,2026-06-14
opponent,James Campbell,182df02a-b3f3-4e86-b434-c75affdc8f5a,unknown (not in a season we hold),no,2,EFNL 2024 | EFNL 2026,East Ringwood | Mitcham,2024-04-14,2026-06-21
opponent,Jackson Mercuri,5001d8ef-a48f-402b-9d4c-ff00f66b31ca,unknown (not in a season we hold),no,2,EFNL 2024 | EFNL 2026,Chirnside Park | Lilydale,2024-05-19,2026-07-12
opponent,Locky Elliott,1f29953a-3bd1-49de-bb36-f6021d73fbf1,unknown (not in a season we hold),no,2,EFNL 2025,The Basin,2025-04-06,2025-07-20
opponent,Ethan Duke,24f94bc1-fd1c-4270-9336-1bda670d19c4,unknown (not in a season we hold),no,2,EFNL 2025,The Basin,2025-04-06,2025-07-20
opponent,Max Patterson,20f64dfd-adef-4d8d-b949-bbe350226c74,unknown (not in a season we hold),no,2,EFNL 2025,The Basin,2025-04-06,2025-07-20
opponent,Jimmy Pearson,9241bdd1-83b9-4091-8179-edc326966887,unknown (not in a season we hold),no,2,EFNL 2024 | EFNL 2025,Montrose Blue,2024-04-28,2025-05-04
opponent,Jack Arthur,a22ad197-f329-4efa-a863-11eb2775de7c,unknown (not in a season we hold),no,2,EFNL 2024 | EFNL 2025,Montrose Blue | Mooroolbark,2024-05-05,2025-05-04
opponent,Boston Linden,8801ea1d-e961-4c60-99c3-1e5975a6719d,unknown (not in a season we hold),no,2,EFNL 2025,Ferntree Gully,2025-06-22,2025-08-03
opponent,Fletcher Peck,66efa16a-bf77-48ce-bb29-3fffb0182204,unknown (not in a season we hold),no,2,EFNL 2025,Ferntree Gully,2025-06-22,2025-08-03
opponent,Archer Moran,6ab67379-47bb-4127-9b8d-6b818268240c,unknown (not in a season we hold),no,2,EFNL 2025,Ferntree Gully,2025-06-22,2025-08-03
opponent,Boston Smith,90d839e1-2ce2-41d9-9882-dbc9538319c1,unknown (not in a season we hold),no,2,EFNL 2025,Ferntree Gully,2025-06-22,2025-08-03
opponent,Mitchell Kimberley,f148db24-ddbf-4cfe-85a3-156b37a43c8c,unknown (not in a season we hold),no,2,EFNL 2025,Ferntree Gully,2025-06-22,2025-08-03
opponent,Jax Allen,09abc902-e5be-47fa-ac88-dc4323d4fcc7,unknown (not in a season we hold),no,2,EFNL 2025,Ferntree Gully,2025-06-22,2025-08-03
opponent,Oliver Wood,4c81020c-fac6-4172-b656-8a40969263d5,unknown (not in a season we hold),no,2,EFNL 2025,Ferntree Gully,2025-06-22,2025-08-03
opponent,Sam Thomson,7ce03e0a-5ad3-462d-9658-96c940ed84f5,unknown (not in a season we hold),no,2,EFNL 2025,Ferntree Gully,2025-06-22,2025-08-03
opponent,Oliver Kvackaj,a60a7903-622b-4f04-8ec4-80c65a0f11bd,unknown (not in a season we hold),no,2,EFNL 2025,Ferntree Gully,2025-06-22,2025-08-03
opponent,Ronav Gupta,d35d9e39-259f-4a2a-aab9-3ed048407f43,unknown (not in a season we hold),no,2,EFNL 2025,Ferntree Gully,2025-06-22,2025-08-03
opponent,Fletcher Hattwell,cb0abb24-0fba-4d37-9787-88627f7d8f33,unknown (not in a season we hold),no,2,EFNL 2025,Ferntree Gully,2025-06-22,2025-08-03
opponent,Jay Hughes,fe74c500-7307-4117-9293-805fa7d53abd,unknown (not in a season we hold),no,2,EFNL 2025,Ferntree Gully,2025-06-22,2025-08-03
opponent,Flynn Peck,9eb15368-1195-48ad-abb0-a6128cca9160,unknown (not in a season we hold),no,2,EFNL 2025,Ferntree Gully,2025-06-22,2025-08-03
opponent,Oliver Chard,e997c548-8ebe-4f7d-99bc-04cd091d9126,unknown (not in a season we hold),no,2,EFNL 2025,Ferntree Gully,2025-06-22,2025-08-03
opponent,Joey Tsakissiris,a88c54c4-531e-4522-a33b-bf7bfb036e11,unknown (not in a season we hold),no,2,EFNL 2025,Ferntree Gully,2025-06-22,2025-08-03
opponent,Oliver Kershaw,b6d4d15b-0706-489b-8349-25dbdbff4e06,unknown (not in a season we hold),no,2,EFNL 2025,Ferntree Gully,2025-06-22,2025-08-03
opponent,Nathan Waelend,a1df92e2-8b71-4494-ac6e-b29bd70b6ce5,unknown (not in a season we hold),no,2,EFNL 2025,Ferntree Gully,2025-06-22,2025-08-03
opponent,Finnley Kershaw,80e21fd6-5bda-44a4-9c3f-df05e86f3c47,unknown (not in a season we hold),no,2,EFNL 2025,Ferntree Gully,2025-06-22,2025-08-03
opponent,Mitchell Reid,a751f898-8f0d-4434-baf3-e3601cc5ed27,unknown (not in a season we hold),no,2,EFNL 2025,Ferntree Gully,2025-06-22,2025-08-03
opponent,Blake Chapman,161152eb-b023-4b60-9449-0dc6e490f50e,unknown (not in a season we hold),no,2,EFNL 2025,Ferntree Gully,2025-06-22,2025-08-03
opponent,Ethan Harris,0b5ecfb6-9b35-4e25-8b36-f05dc24b5811,unknown (not in a season we hold),no,2,EFNL 2024,Mooroolbark,2024-04-07,2024-05-05
opponent,Tyler Juhlin,ff8bd780-e8bc-4f37-af97-1ed374995a5d,unknown (not in a season we hold),no,2,EFNL 2024,Mooroolbark,2024-04-07,2024-05-05
opponent,Hayden Baker,872d8901-42a5-4702-bb7b-ef10f28d1e8e,unknown (not in a season we hold),no,2,EFNL 2024,Mooroolbark,2024-04-07,2024-05-05
opponent,Aaron Brown,b7545d6e-51da-435b-bf49-4d7271f14edc,unknown (not in a season we hold),no,2,EFNL 2024,Mooroolbark,2024-04-07,2024-05-05
opponent,Thomas Fitzgerald,d5592235-b367-4cc5-b98f-d4671de9fb1e,unknown (not in a season we hold),no,2,EFNL 2024,Mooroolbark,2024-04-07,2024-05-05
opponent,Lachlan Ramus,afbd05d3-6bc0-44be-970c-dd4efbe63480,unknown (not in a season we hold),no,2,EFNL 2024,Mooroolbark,2024-04-07,2024-05-05
opponent,Benjamin Summers,d07f5cbf-42d2-49d3-b8bf-6b7d7cc19bb0,unknown (not in a season we hold),no,2,EFNL 2024,Mooroolbark,2024-04-07,2024-05-05
opponent,Zac Draper,a9518fdf-3d40-4c44-ac9c-c01f30117059,unknown (not in a season we hold),no,2,EFNL 2024,Mooroolbark,2024-04-07,2024-05-05
opponent,Ryley Stephen,8a619bcd-a8b2-497a-a4e6-26c76e806089,unknown (not in a season we hold),no,2,EFNL 2024,Mooroolbark,2024-04-07,2024-05-05
opponent,samuel macdonald,d2a6a47c-a4f4-4b17-9082-1e63001ec8de,unknown (not in a season we hold),no,2,EFNL 2024,Mooroolbark,2024-04-07,2024-05-05
opponent,Alfie Sargeant,f97e9aae-1990-405a-85a7-a6210a77a15d,unknown (not in a season we hold),no,2,EFNL 2024,Mooroolbark,2024-04-07,2024-05-05
opponent,Jameson Hearn,6a2375b6-3598-434d-9907-03dfaa0d1c0d,unknown (not in a season we hold),no,2,EFNL 2024,Mooroolbark,2024-04-07,2024-05-05
opponent,Rhys Lapham,38fdad46-86d0-4288-aba1-c3cfca40c154,unknown (not in a season we hold),no,2,EFNL 2024,Mooroolbark,2024-04-07,2024-05-05
opponent,Byron Roach,08d7391b-0323-4024-b095-d74cf860bad6,unknown (not in a season we hold),no,2,EFNL 2024,South Croydon,2024-04-21,2024-06-16
opponent,Ted Stack,81748aad-e295-478c-b08c-f85d9fdf3dc3,unknown (not in a season we hold),no,2,EFNL 2024,South Croydon,2024-04-21,2024-06-16
opponent,Luca D'Astoli,8cee3d9c-540c-4458-a11c-f64937353d4c,unknown (not in a season we hold),no,2,EFNL 2024,South Croydon,2024-04-21,2024-06-16
opponent,Aiden Kot,0ca8a3c1-d8b6-48bb-ad1a-7e7f047711b4,unknown (not in a season we hold),no,2,EFNL 2024,South Croydon,2024-04-21,2024-06-16
opponent,Jackson Beament,62e8c5e7-c3bb-4e7c-8ab0-1317ea4a3d22,unknown (not in a season we hold),no,2,EFNL 2024,South Croydon,2024-04-21,2024-06-16
opponent,Bo Katgert,bff4110b-ed35-4a99-be84-2ccb9ed58713,unknown (not in a season we hold),no,2,EFNL 2024,South Croydon,2024-04-21,2024-06-16
opponent,Ryder Collings,b4bad095-e7fe-4d82-a9a8-216476a7777d,unknown (not in a season we hold),no,2,EFNL 2024,South Croydon,2024-04-21,2024-06-16
opponent,Jude Reed,65228a1b-6f01-46db-b00d-a1cbcc59265f,unknown (not in a season we hold),no,2,EFNL 2024,South Croydon,2024-04-21,2024-06-16
opponent,Hamish King,50e55db6-2339-4b48-8513-46a2ccc4892b,unknown (not in a season we hold),no,2,EFNL 2024,South Croydon,2024-04-21,2024-06-16
opponent,Mason Fraser,6add89ad-61e9-44ba-bbd7-5c880091c232,unknown (not in a season we hold),no,2,EFNL 2024,South Croydon,2024-04-21,2024-06-16
opponent,Jack Huon,fa23034c-9e56-4aa0-b58a-0f77574b9aec,unknown (not in a season we hold),no,2,EFNL 2024,South Croydon,2024-04-21,2024-06-16
opponent,Archer Jackson,986a2ec1-a9d4-41bf-bd6e-e21397c4baa6,unknown (not in a season we hold),no,2,EFNL 2024,South Croydon,2024-04-21,2024-06-16
opponent,Ollie Trethowan,dc8f7802-5793-4b87-aeb7-5bc68fe3d315,unknown (not in a season we hold),no,2,EFNL 2024,South Croydon,2024-04-21,2024-06-16
opponent,Theodore Silby,f2cc6c6f-215f-41f4-b5a2-1d941552f60f,unknown (not in a season we hold),no,2,EFNL 2024,South Croydon,2024-04-21,2024-06-16
opponent,Rannbaaz Singh,24d52816-f60a-4a4f-bd82-2debca3348dd,unknown (not in a season we hold),no,2,EFNL 2024,South Croydon,2024-04-21,2024-06-16
opponent,Ashton Drew,dd8edcd0-8072-45bb-bb5c-1e53adb91974,unknown (not in a season we hold),no,2,EFNL 2024,South Croydon,2024-04-21,2024-06-16
opponent,Ruaan Saluja,2ec1dc9c-2d97-43d4-b718-994974fd9b33,unknown (not in a season we hold),no,2,EFNL 2024,South Croydon,2024-04-21,2024-06-16
opponent,Blake Browne,15248350-c34a-4c27-b29a-de70e2256a42,unknown (not in a season we hold),no,2,EFNL 2024,South Croydon,2024-04-21,2024-06-16
opponent,Brody O'Shea,9671e7c3-4906-4b4e-8b60-97c7606dbbea,unknown (not in a season we hold),no,2,EFNL 2024,Montrose Blue,2024-04-28,2024-06-02
opponent,Leo McLaughlin,345c64da-82e2-4b62-bcb3-514ea806bbf6,unknown (not in a season we hold),no,2,EFNL 2024,Montrose Blue,2024-04-28,2024-06-02
opponent,Max Menzies,d153eb8f-3dcf-409b-9585-8c2588461160,unknown (not in a season we hold),no,2,EFNL 2024,Montrose Blue,2024-04-28,2024-06-02
opponent,Lincoln Beattie,165e5e89-a88f-42a8-a465-dfbe1d33f601,unknown (not in a season we hold),no,2,EFNL 2024,Montrose Blue,2024-04-28,2024-06-02
opponent,Lux Langton,560e02e5-6cab-4063-8040-837ad0eae81f,unknown (not in a season we hold),no,2,EFNL 2024,Montrose Blue,2024-04-28,2024-06-02
opponent,Axel Truman,77e26b6a-881b-4a38-bf2b-d1707500fedc,unknown (not in a season we hold),no,2,EFNL 2024,Montrose Blue,2024-04-28,2024-06-02
opponent,Samuel Field,f88a9614-259f-461d-b417-020c9e76332c,unknown (not in a season we hold),no,2,EFNL 2024,Blackburn Black,2024-05-12,2024-07-21
opponent,Hamish Smith,6cf0ccbb-eb78-49ec-91be-b61ad183b66b,unknown (not in a season we hold),no,2,EFNL 2024,Blackburn Black,2024-05-12,2024-07-21
opponent,Oscar Doig,e3b5c482-947a-42b2-ba0c-042542c8c3d7,unknown (not in a season we hold),no,2,EFNL 2024,Blackburn Black,2024-05-12,2024-07-21
opponent,Archie Bartram,6a77a312-be3a-46c8-abbf-3d95e31dde35,unknown (not in a season we hold),no,2,EFNL 2024,Blackburn Black,2024-05-12,2024-07-21
opponent,James Powell,8a6a0197-98f6-4665-acd4-a2ddcc66e762,unknown (not in a season we hold),no,2,EFNL 2024,Blackburn Black,2024-06-30,2024-07-21
opponent,Jake Coyle,1bbfa946-f6b9-45ee-ae53-0198435cfec8,unknown (not in a season we hold),no,2,EFNL 2024,Blackburn Black,2024-06-30,2024-07-21
opponent,Max Molloy,8c42fe39-c261-42c7-a7dc-4d5375a5afac,unknown (not in a season we hold),no,1,EFNL 2026,Glen Waverley Rovers,2026-04-26,2026-04-26
opponent,Cohen Loader,4c891283-d940-4fb7-b8b6-57d2e8f278a9,unknown (not in a season we hold),no,1,EFNL 2026,Glen Waverley Rovers,2026-04-26,2026-04-26
opponent,Archie Redford,09f895fc-347c-46a7-8a7d-21cd5a5d7b5a,unknown (not in a season we hold),no,1,EFNL 2026,Glen Waverley Rovers,2026-04-26,2026-04-26
opponent,Eddie Simmonds,ebc32f49-1895-4568-b773-9c83d7ffc6eb,unknown (not in a season we hold),no,1,EFNL 2026,Glen Waverley Rovers,2026-04-26,2026-04-26
opponent,Edward Huang,8ac3c650-fb8a-4d44-a0a9-2fde040e76c4,unknown (not in a season we hold),no,1,EFNL 2026,Glen Waverley Rovers,2026-04-26,2026-04-26
opponent,Ethan Wilson,e5fc5b2d-2d57-4ba1-8c98-53991376e221,unknown (not in a season we hold),no,1,EFNL 2026,Glen Waverley Rovers,2026-04-26,2026-04-26
opponent,Hayden Mathers,ddecd82f-d3f6-4da1-9f31-b82d26f200e9,unknown (not in a season we hold),no,1,EFNL 2026,Glen Waverley Rovers,2026-04-26,2026-04-26
opponent,Oliver Prack,4f71229f-e2e7-4b0e-98a6-b67aeeca9edd,unknown (not in a season we hold),no,1,EFNL 2026,Glen Waverley Rovers,2026-04-26,2026-04-26
opponent,Ehan Habib,26ed0b44-9df6-4c5a-83ca-e1b1db760c13,unknown (not in a season we hold),no,1,EFNL 2026,Glen Waverley Rovers,2026-04-26,2026-04-26
opponent,Cameron Howlett,34c55aa3-50b5-4bb9-98d5-a7e89a75132a,unknown (not in a season we hold),no,1,EFNL 2026,Glen Waverley Rovers,2026-04-26,2026-04-26
opponent,Anthony Paone,2ff9df26-df6c-499a-a16a-94e9e6d2b3b2,unknown (not in a season we hold),no,1,EFNL 2026,Glen Waverley Rovers,2026-04-26,2026-04-26
opponent,Mason Betchley,c4f611e3-3705-4631-a461-4383ebbee337,unknown (not in a season we hold),no,1,EFNL 2026,Glen Waverley Rovers,2026-04-26,2026-04-26
opponent,Dayshan Rajapakse,8d8752ee-f047-4953-afe1-664f10f57634,unknown (not in a season we hold),no,1,EFNL 2026,Glen Waverley Rovers,2026-04-26,2026-04-26
opponent,Aaron Kotliar,6dbd8529-939b-42af-8373-22c0ecfae022,unknown (not in a season we hold),no,1,EFNL 2026,Glen Waverley Rovers,2026-04-26,2026-04-26
opponent,Nate Ritchie,536ce3cc-598c-4d24-88cc-7a24bd7f974a,unknown (not in a season we hold),no,1,EFNL 2026,Glen Waverley Rovers,2026-04-26,2026-04-26
opponent,Harris De Blasio,8b42da72-52a9-4020-ae97-124bddacbd76,unknown (not in a season we hold),no,1,EFNL 2026,Glen Waverley Rovers,2026-04-26,2026-04-26
opponent,Asher Chow,ae373a08-c5eb-4b90-9331-87e8f06c734c,unknown (not in a season we hold),no,1,EFNL 2026,Glen Waverley Rovers,2026-04-26,2026-04-26
opponent,Andre Sortino,94fa226f-aa7a-4312-8e4a-20d8a7162f9f,unknown (not in a season we hold),no,1,EFNL 2026,Glen Waverley Rovers,2026-04-26,2026-04-26
opponent,Oliver Brooks,4a55b4dd-865f-47a4-8ee8-50b0fad2ba39,unknown (not in a season we hold),no,1,EFNL 2026,Glen Waverley Rovers,2026-04-26,2026-04-26
opponent,Griffin Lehmann,3bff4c5b-9aff-4101-b0e1-fa40b8be459f,unknown (not in a season we hold),no,1,EFNL 2026,Glen Waverley Rovers,2026-04-26,2026-04-26
opponent,Aiden Singh,76e92987-d25b-47cd-9cdc-6f88bfd3360c,unknown (not in a season we hold),no,1,EFNL 2026,Glen Waverley Rovers,2026-04-26,2026-04-26
opponent,Levi Gray,0be41e96-566e-438a-af40-9805285cad47,unknown (not in a season we hold),no,1,EFNL 2026,Beaconsfield Gold,2026-05-03,2026-05-03
opponent,Jacob Blake,cffc1291-ec49-4987-8623-86afe64c9ff7,unknown (not in a season we hold),no,1,EFNL 2026,Beaconsfield Gold,2026-05-03,2026-05-03
opponent,Blake Hudson,d906f70d-4672-437f-88c3-507f57731ee3,unknown (not in a season we hold),no,1,EFNL 2026,Beaconsfield Gold,2026-05-03,2026-05-03
opponent,Billy Jones,b25f80ba-8030-4c92-be67-b84877bc0d98,unknown (not in a season we hold),no,1,EFNL 2026,Beaconsfield Gold,2026-05-03,2026-05-03
opponent,Parker Pearson,b8eeae22-ba69-45fa-82df-8060e7e474c0,unknown (not in a season we hold),no,1,EFNL 2026,Beaconsfield Gold,2026-05-03,2026-05-03
opponent,Jagger Lovett,0d14c0ba-35bc-4692-aeb4-9072dc2c2367,unknown (not in a season we hold),no,1,EFNL 2026,Beaconsfield Gold,2026-05-03,2026-05-03
opponent,Luca Cosentino,1c93fcd2-cd31-4c02-8a8e-97e54cf49966,unknown (not in a season we hold),no,1,EFNL 2026,Beaconsfield Gold,2026-05-03,2026-05-03
opponent,Ryder Lynn,dd3bb5eb-07fd-4f37-b7e7-b1050e7f5a16,unknown (not in a season we hold),no,1,EFNL 2026,Beaconsfield Gold,2026-05-03,2026-05-03
opponent,Tom Guastella,4ac6b9c1-d08b-4265-8cac-c3b6ab47b27c,unknown (not in a season we hold),no,1,EFNL 2026,Beaconsfield Gold,2026-05-03,2026-05-03
opponent,Max Cantwell,7acd447d-a0ac-47de-94c7-f83a1383d70b,unknown (not in a season we hold),no,1,EFNL 2026,Beaconsfield Gold,2026-05-03,2026-05-03
opponent,Beau Lansbury,3e988a55-0d2c-4382-a43b-17b7c68bf327,unknown (not in a season we hold),no,1,EFNL 2026,Beaconsfield Gold,2026-05-03,2026-05-03
opponent,Finn Charles,7fe8b8ca-6e90-4ef0-889b-7ad03713b306,unknown (not in a season we hold),no,1,EFNL 2026,Beaconsfield Gold,2026-05-03,2026-05-03
opponent,Peyton Gee,91dd24b7-f2f8-441a-9b87-7f37d7cd92bc,unknown (not in a season we hold),no,1,EFNL 2026,Beaconsfield Gold,2026-05-03,2026-05-03
opponent,Lachlan Williamson,51076254-1546-451a-b4a8-2e8620fdc77b,unknown (not in a season we hold),no,1,EFNL 2026,Beaconsfield Gold,2026-05-03,2026-05-03
opponent,Bailey Aylen,e10e8e8c-bdeb-4df2-a908-5c60af6506bf,unknown (not in a season we hold),no,1,EFNL 2026,Beaconsfield Gold,2026-05-03,2026-05-03
opponent,Ryder Smillie,972a93cb-4fc2-41da-ab4e-41322e6cb38c,unknown (not in a season we hold),no,1,EFNL 2026,Beaconsfield Gold,2026-05-03,2026-05-03
opponent,Buddy Poxon,60cd040b-255d-453d-a083-acd91454e873,unknown (not in a season we hold),no,1,EFNL 2026,Beaconsfield Gold,2026-05-03,2026-05-03
opponent,Jake Guastella,641a6bfc-0eff-4982-aa2f-8989c8c4fbf7,unknown (not in a season we hold),no,1,EFNL 2026,Beaconsfield Gold,2026-05-03,2026-05-03
opponent,Harry Hartney,5a9f415d-eda0-45ea-bc6e-4269a8c5ae56,unknown (not in a season we hold),no,1,EFNL 2026,Beaconsfield Gold,2026-05-03,2026-05-03
opponent,Jimmy Pinwill,94920e03-a62b-49bf-bb67-c79f23552653,unknown (not in a season we hold),no,1,EFNL 2026,Beaconsfield Gold,2026-05-03,2026-05-03
opponent,Harrison Hale,41e2e326-2345-4110-b889-5f8f9088c5f9,unknown (not in a season we hold),no,1,EFNL 2026,South Belgrave,2026-05-24,2026-05-24
opponent,Rhyder Roberts,9f620c46-8163-4512-8f53-7809d5e0238c,unknown (not in a season we hold),no,1,EFNL 2026,South Belgrave,2026-05-24,2026-05-24
opponent,Harvey Williamson,54ebb705-213b-4a31-b426-cf8892cdb31a,unknown (not in a season we hold),no,1,EFNL 2026,Lilydale,2026-06-14,2026-06-14
opponent,Alexander glenister,4be60b9b-ab7f-4869-b0d6-111c102787b0,unknown (not in a season we hold),no,1,EFNL 2026,Lilydale,2026-06-14,2026-06-14
opponent,Harvey Munro,de1d1a44-a0b7-4003-a814-dbf8f8274d99,unknown (not in a season we hold),no,1,EFNL 2026,Lilydale,2026-06-14,2026-06-14
opponent,Maximus Sourivong,13dea3a8-bf16-4580-8915-e4ad1488863b,unknown (not in a season we hold),no,1,EFNL 2026,Mitcham,2026-06-21,2026-06-21
opponent,Fabian Pettit,791e4fdd-5cf9-4dcc-8b67-8f0dccd70ae9,unknown (not in a season we hold),no,1,EFNL 2026,Mitcham,2026-06-21,2026-06-21
opponent,Leo Hudd,874f155d-0f9a-4768-aa3e-6acb12e910d0,unknown (not in a season we hold),no,1,EFNL 2026,Mitcham,2026-06-21,2026-06-21
opponent,Harry Simkin,32151d0f-fd8a-4e4f-b31b-90f94062fca6,unknown (not in a season we hold),no,1,EFNL 2026,Mitcham,2026-06-21,2026-06-21
opponent,River Abel,5f8169ae-fbc3-45ce-bca8-f04836375d3a,unknown (not in a season we hold),no,1,EFNL 2026,Mitcham,2026-06-21,2026-06-21
opponent,Angus Maclean,fd16d40a-0154-473e-a78b-4a5ebc50ddd3,unknown (not in a season we hold),no,1,EFNL 2026,Mitcham,2026-06-21,2026-06-21
opponent,Jagger Abel,9a67aba1-eb2e-4d5e-af8e-631f4fa32cff,unknown (not in a season we hold),no,1,EFNL 2026,Mitcham,2026-06-21,2026-06-21
opponent,Harry Godfrey,195d5375-78a0-4a21-b74a-4550ee501b1e,unknown (not in a season we hold),no,1,EFNL 2026,Mitcham,2026-06-21,2026-06-21
opponent,Jasper Brainwood,5fd26c3f-8e3a-42fe-8af2-b80b606b71c9,unknown (not in a season we hold),no,1,EFNL 2026,Mitcham,2026-06-21,2026-06-21
opponent,Daniel Dinsdale,26612416-13b0-4a0c-bb62-843eac72346b,unknown (not in a season we hold),no,1,EFNL 2026,Mitcham,2026-06-21,2026-06-21
opponent,Hayden Killeen,265157f8-82f3-4300-8ed3-34f7fe7189b0,unknown (not in a season we hold),no,1,EFNL 2026,Mitcham,2026-06-21,2026-06-21
opponent,Samuel Ng,db175b16-5e28-460f-870f-79d230e19a47,unknown (not in a season we hold),no,1,EFNL 2026,Mitcham,2026-06-21,2026-06-21
opponent,Archer Whitla,401a0110-4cd5-40dd-b6ca-2b8f158620e8,unknown (not in a season we hold),no,1,EFNL 2026,Mitcham,2026-06-21,2026-06-21
opponent,Alexander Smart,acd20a3b-c49a-46b6-8c88-3e55fea86e99,unknown (not in a season we hold),no,1,EFNL 2026,Mitcham,2026-06-21,2026-06-21
opponent,Nate Bajcic,9bf47619-fb8e-4523-b224-719c5e8c3df8,unknown (mixed grade),yes,1,EFNL 2026,Mitcham,2026-06-21,2026-06-21
opponent,Jack Scarborough,b5c40aa4-5916-493b-968c-fb87f71c5693,unknown (not in a season we hold),no,1,EFNL 2026,Mitcham,2026-06-21,2026-06-21
opponent,Thomas Pitt,803a432d-d670-48cf-84bc-22297b542fc8,unknown (not in a season we hold),no,1,EFNL 2026,Mitcham,2026-06-21,2026-06-21
opponent,Luke Thomson,bc164a43-2e1d-493f-8c8a-c21a5c81d07f,unknown (not in a season we hold),no,1,EFNL 2026,Mitcham,2026-06-21,2026-06-21
opponent,Cain Taualii,45582d5f-9989-4d72-8d94-63012b3fa2ae,unknown (not in a season we hold),no,1,EFNL 2026,Mitcham,2026-06-21,2026-06-21
opponent,Thomas Rodgers,0556a179-d7cb-420c-a1a1-fb73be2c64ce,unknown (not in a season we hold),no,1,EFNL 2026,Mitcham,2026-06-21,2026-06-21
opponent,Bryce Johnson,6ef2c08a-34e2-45b6-9415-50496d775840,unknown (not in a season we hold),no,1,EFNL 2026,Chirnside Park,2026-07-12,2026-07-12
opponent,Max Hampton,387ccd72-0ce5-4b27-8a4b-7a2962e3ad8a,unknown (not in a season we hold),no,1,EFNL 2026,Chirnside Park,2026-07-12,2026-07-12
opponent,Brodie Caulfield,6abcf95b-ea0c-42c9-bd33-9b80b5606218,unknown (not in a season we hold),no,1,EFNL 2026,Chirnside Park,2026-07-12,2026-07-12
opponent,Liam Parkes,a58b48b7-4078-46c6-acf5-b8fe2136633b,unknown (not in a season we hold),no,1,EFNL 2026,Chirnside Park,2026-07-12,2026-07-12
opponent,Flynn Robinson,9b59dbbc-80fa-4393-bd03-862872284fd0,unknown (not in a season we hold),no,1,EFNL 2026,Chirnside Park,2026-07-12,2026-07-12
opponent,Nate Marshall,97b4cd7e-fd92-4082-926a-080d6e186af1,unknown (not in a season we hold),no,1,EFNL 2026,Chirnside Park,2026-07-12,2026-07-12
opponent,Nate Malan,47f7b4b1-3e9d-4cd8-830f-0d6f732abe6b,unknown (not in a season we hold),no,1,EFNL 2026,Chirnside Park,2026-07-12,2026-07-12
opponent,Ryan Johnson,c2ef82a5-c1de-4a60-bead-a502a939fabc,unknown (not in a season we hold),no,1,EFNL 2026,Chirnside Park,2026-07-12,2026-07-12
opponent,Lachlan Neate,f2caa7c7-b958-48d2-8d17-02ed10f955c4,unknown (not in a season we hold),no,1,EFNL 2026,Chirnside Park,2026-07-12,2026-07-12
opponent,Will Leckie,a914ce16-ad66-4f65-9045-a5974466d5df,unknown (not in a season we hold),no,1,EFNL 2026,Chirnside Park,2026-07-12,2026-07-12
opponent,Harrison Khoo,3ba20cf7-cba0-4dd5-90ab-8111f26ab1a1,unknown (not in a season we hold),no,1,EFNL 2026,Chirnside Park,2026-07-12,2026-07-12
opponent,Benjamin O'DONNELL,dbfcb2db-4990-4a73-a68a-6bbb9c7bfb20,unknown (not in a season we hold),no,1,EFNL 2026,Chirnside Park,2026-07-12,2026-07-12
opponent,Isaac Tatnall,48ccc792-3978-4e45-9eb4-f08c03d1e91d,unknown (not in a season we hold),no,1,EFNL 2026,Chirnside Park,2026-07-12,2026-07-12
opponent,Tatum Gromadovski,66872b69-2602-4fff-9649-9eb156811713,unknown (not in a season we hold),no,1,EFNL 2026,Chirnside Park,2026-07-12,2026-07-12
opponent,Christopher Del Mastro,696226e6-8301-48d4-9fb1-b1d987c430f4,unknown (not in a season we hold),no,1,EFNL 2026,Chirnside Park,2026-07-12,2026-07-12
opponent,Zac Barnes,a64dada3-01ca-4ffc-940b-a3fa6a8549cf,unknown (not in a season we hold),no,1,EFNL 2026,Chirnside Park,2026-07-12,2026-07-12
opponent,Aiden Laurie,325d3b0d-a8cd-49a8-b8db-81e8d031ac05,unknown (not in a season we hold),no,1,EFNL 2026,Chirnside Park,2026-07-12,2026-07-12
opponent,Nathan Gardiner,21a0426d-b408-4b4d-bb81-efffeeabe3ce,unknown (not in a season we hold),no,1,EFNL 2026,Chirnside Park,2026-07-12,2026-07-12
opponent,Eli Turnbull,9b6dc0b1-2594-451f-9d0c-3c0d38617d6c,unknown (not in a season we hold),no,1,EFNL 2026,Chirnside Park,2026-07-12,2026-07-12
opponent,Thomas Doig,37b3421c-7003-4876-a07d-6e1d91ce7d00,unknown (not in a season we hold),no,1,EFNL 2026,Vermont,2026-07-19,2026-07-19
opponent,Antonio Reith,3a2efefa-0373-44ae-813b-1f80890d25f7,unknown (not in a season we hold),no,1,EFNL 2026,Vermont,2026-07-19,2026-07-19
opponent,Riley Baker,1344854c-e9a4-42ff-857b-da63594ac7e6,unknown (not in a season we hold),no,1,EFNL 2026,Vermont,2026-07-19,2026-07-19
opponent,Nate Vournechis,d907ed4a-c3c9-46ae-98d3-fda18a47a4f9,unknown (not in a season we hold),no,1,EFNL 2026,Vermont,2026-07-19,2026-07-19
opponent,Jed Gray,916a9f60-7a23-4cdc-a229-60aa6118638b,unknown (not in a season we hold),no,1,EFNL 2026,South Belgrave,2026-07-26,2026-07-26
opponent,Ignatious Payne,a767b31b-d34b-4371-a8d6-c3b80c15bd48,unknown (not in a season we hold),no,1,EFNL 2026,South Belgrave,2026-07-26,2026-07-26
opponent,James Gunter,d2727371-5363-4230-9049-30ae9d6bb0f3,unknown (not in a season we hold),no,1,EFNL 2026,South Belgrave,2026-07-26,2026-07-26
opponent,Blake Bond,43f72d7b-9fea-44f7-afe8-3ec6dc13795d,unknown (not in a season we hold),no,1,EFNL 2025,Montrose Blue,2025-05-04,2025-05-04
opponent,Maxwell Collins,0258e189-aab4-416b-af11-93399c499532,unknown (not in a season we hold),no,1,EFNL 2025,Montrose Blue,2025-05-04,2025-05-04
opponent,Cooper Jackson,d1e1b7a1-874f-4e36-9978-4745c4e65bc4,unknown (not in a season we hold),no,1,EFNL 2025,Montrose Blue,2025-05-04,2025-05-04
opponent,Jax Gammon,ebad660d-702c-4774-9c0d-719eb76fa0d8,unknown (not in a season we hold),no,1,EFNL 2025,Montrose Blue,2025-05-04,2025-05-04
opponent,Kodey Groenen,5b3d1fe1-d18b-497d-9ea7-40c84a4ae5a1,unknown (not in a season we hold),no,1,EFNL 2025,Montrose Blue,2025-05-04,2025-05-04
opponent,Oakley Marshall,2545adac-6726-46e6-b2c2-916951d77e75,unknown (not in a season we hold),no,1,EFNL 2025,Montrose Blue,2025-05-04,2025-05-04
opponent,Jordan Carratelli,843978cd-1080-47ae-a99b-3e9662f23ce8,unknown (not in a season we hold),no,1,EFNL 2025,Montrose Blue,2025-05-04,2025-05-04
opponent,Tate Nightingale,b19b6bc1-6581-41e5-b558-c56843f2f43a,unknown (not in a season we hold),no,1,EFNL 2025,Montrose Blue,2025-05-04,2025-05-04
opponent,Mason Cardamone,7899d545-93c1-4273-973c-2ef5e43e7c9c,unknown (not in a season we hold),no,1,EFNL 2025,Montrose Blue,2025-05-04,2025-05-04
opponent,Hudson Williamson,d2e3a321-7d72-4d71-82bd-48a2ae14f599,unknown (not in a season we hold),no,1,EFNL 2025,Montrose Blue,2025-05-04,2025-05-04
opponent,Harrison Carroll,a900a64b-2b77-4c8e-a29d-cb67024e2220,unknown (not in a season we hold),no,1,EFNL 2025,The Basin,2025-06-01,2025-06-01
opponent,Brody Boek,f09c4834-0f02-4565-b41b-418213db44ea,unknown (not in a season we hold),no,1,EFNL 2025,The Basin,2025-06-01,2025-06-01
opponent,Anthony Carmello Jr Di Martino,830798a3-2381-4a2f-b94c-c4428b8fa718,unknown (not in a season we hold),no,1,EFNL 2025,Ferntree Gully,2025-06-22,2025-06-22
opponent,Brooklyn Sadler,cbb74588-1a86-48dd-a9d0-f9bae6e9841c,unknown (not in a season we hold),no,1,EFNL 2025,Ferntree Gully,2025-06-22,2025-06-22
opponent,Ashton Mohr,9cb5b90c-db7e-46aa-b0cf-139c29215fb7,unknown (not in a season we hold),no,1,EFNL 2025,Ferntree Gully,2025-06-22,2025-06-22
opponent,Caleb Ward,901742c1-971a-427c-88d0-2441c7cf17de,unknown (not in a season we hold),no,1,EFNL 2025,Ferntree Gully,2025-06-22,2025-06-22
opponent,Blake Stanford,82543440-7577-4166-8bea-3dad04e542d1,unknown (not in a season we hold),no,1,EFNL 2025,Ferntree Gully,2025-08-03,2025-08-03
opponent,Lincoln Dehn,f90bb740-2079-4213-b3db-679bc11430c3,unknown (not in a season we hold),no,1,EFNL 2024,Mooroolbark,2024-04-07,2024-04-07
opponent,Hayden D'Souza,dc8ec347-5cd3-4a91-87b7-fbba93b57f2e,unknown (not in a season we hold),no,1,EFNL 2024,Mooroolbark,2024-04-07,2024-04-07
opponent,Nathan Hunter,24fb0bf3-4044-42f5-9bc0-a22ea6390ad3,unknown (not in a season we hold),no,1,EFNL 2024,Mooroolbark,2024-04-07,2024-04-07
opponent,Aidan Baker,fa0239c4-ba1c-41ca-8cf6-21f5a4d2b049,unknown (mixed grade),yes,1,EFNL 2024,East Ringwood,2024-04-14,2024-04-14
opponent,Grayson Smith,d3d9be2d-743c-4522-b722-b68d1ef4106e,unknown (not in a season we hold),no,1,EFNL 2024,East Ringwood,2024-04-14,2024-04-14
opponent,Harley Walters,be5c4007-c078-4b1d-b6e0-54108fd4ed62,unknown (not in a season we hold),no,1,EFNL 2024,East Ringwood,2024-04-14,2024-04-14
opponent,Ryder Dux,07241ec2-485f-42f1-b161-e064d669abe4,unknown (not in a season we hold),no,1,EFNL 2024,East Ringwood,2024-04-14,2024-04-14
opponent,Archer England,5a6b1bea-168f-4c84-8edb-1517eba15dbd,unknown (mixed grade),yes,1,EFNL 2024,East Ringwood,2024-04-14,2024-04-14
opponent,Hayden Kensley,e66aee02-f710-457e-9ca1-857f9df8ab15,unknown (not in a season we hold),no,1,EFNL 2024,East Ringwood,2024-04-14,2024-04-14
opponent,Mason Lawless,46c1d060-75a4-4e20-b0d6-bde3f66d597b,unknown (not in a season we hold),no,1,EFNL 2024,East Ringwood,2024-04-14,2024-04-14
opponent,Oliver Patrick,4f0d3be3-fc29-4b00-9acd-2b8ddf1426da,unknown (not in a season we hold),no,1,EFNL 2024,East Ringwood,2024-04-14,2024-04-14
opponent,Jesse Cavill,f0742d44-1ce3-4691-9ea2-c56984641ede,unknown (not in a season we hold),no,1,EFNL 2024,East Ringwood,2024-04-14,2024-04-14
opponent,Zachary Byrnes,5fea2e4b-ef27-416e-ba50-1673babaa95e,unknown (not in a season we hold),no,1,EFNL 2024,East Ringwood,2024-04-14,2024-04-14
opponent,Jed Bennell,9f7b93c5-c748-4217-a900-9e0d42cd8a1b,unknown (not in a season we hold),no,1,EFNL 2024,East Ringwood,2024-04-14,2024-04-14
opponent,Jack Hasler,6eb97567-c866-4273-b6ae-63cb7892043b,unknown (not in a season we hold),no,1,EFNL 2024,East Ringwood,2024-04-14,2024-04-14
opponent,Xavier Stasiak,b4ba9584-d166-405b-8950-257e9f369ac7,unknown (not in a season we hold),no,1,EFNL 2024,East Ringwood,2024-04-14,2024-04-14
opponent,Emmett Jarvis,a408ec53-3218-483a-a639-520e008dbb05,unknown (not in a season we hold),no,1,EFNL 2024,East Ringwood,2024-04-14,2024-04-14
opponent,Dutch Moran,947947c6-e24e-4c19-a45e-222f997d2eeb,unknown (not in a season we hold),no,1,EFNL 2024,East Ringwood,2024-04-14,2024-04-14
opponent,Lincoln White,0bceb0d1-76ad-4950-9987-d929ba616d86,unknown (not in a season we hold),no,1,EFNL 2024,East Ringwood,2024-04-14,2024-04-14
opponent,Harry Kent,1acbf6ba-4a4f-4d6f-9596-ff52768e386f,unknown (not in a season we hold),no,1,EFNL 2024,East Ringwood,2024-04-14,2024-04-14
opponent,Archie McLeod,716ea6cb-1e45-453a-8c6a-7e818844034d,unknown (not in a season we hold),no,1,EFNL 2024,South Croydon,2024-04-21,2024-04-21
opponent,Phoenix Green,d51c3d81-16db-48cc-9fc8-449977101247,unknown (not in a season we hold),no,1,EFNL 2024,Montrose Blue,2024-04-28,2024-04-28
opponent,Jacob Brown,e52d87ae-eab4-444f-ad5b-4559ef502f5d,unknown (not in a season we hold),no,1,EFNL 2024,Mooroolbark,2024-05-05,2024-05-05
opponent,Bradley Constable,92486d8e-c0a5-4bd5-9d55-f1bdbb8dd728,unknown (not in a season we hold),no,1,EFNL 2024,Mooroolbark,2024-05-05,2024-05-05
opponent,Reuben Bell,56c0e87f-cbbf-4b0d-b80c-f1b30dbcbd34,unknown (not in a season we hold),no,1,EFNL 2024,Montrose Blue,2024-06-02,2024-06-02
opponent,Benjamin Davidson,fbf72b8d-c465-465d-bb29-a42bed99934e,unknown (not in a season we hold),no,1,EFNL 2024,South Croydon,2024-06-16,2024-06-16
opponent,Jai Tishler,e8e3adac-7ab9-456d-bebc-937f537ad907,unknown (not in a season we hold),no,1,EFNL 2024,South Croydon,2024-06-16,2024-06-16
opponent,Aiden Cole,e5b5dad7-7d27-49ba-ba47-cd980056cf04,unknown (not in a season we hold),no,1,EFNL 2024,Kilsyth,2024-07-14,2024-07-14
opponent,Ryder Pahi,ae4a367e-e2d9-4bb8-b9e3-daf74fbd84a9,unknown (not in a season we hold),no,1,EFNL 2024,Kilsyth,2024-07-14,2024-07-14
opponent,Bailey Kennon,0863464e-e507-4aaa-b618-4e8a03e49b80,unknown (not in a season we hold),no,1,EFNL 2024,Kilsyth,2024-07-14,2024-07-14
opponent,William Davidson,e1e6f109-659a-4160-895f-991a2f59041d,unknown (not in a season we hold),no,1,EFNL 2024,Kilsyth,2024-07-14,2024-07-14
opponent,Jai Conomy,32864f20-4a70-446d-b8f5-9eb098239fcf,unknown (not in a season we hold),no,1,EFNL 2024,Kilsyth,2024-07-14,2024-07-14
opponent,Cade Aldridge,c992d96b-43bb-48f5-bae5-74290d4f6217,unknown (not in a season we hold),no,1,EFNL 2024,Kilsyth,2024-07-14,2024-07-14
opponent,Lachlan Whitty-Ryan,78f7180d-013d-423d-b2ae-613b5c0ba12a,unknown (not in a season we hold),no,1,EFNL 2024,Kilsyth,2024-07-14,2024-07-14
opponent,Hamish Wright,cf0ecd91-c809-484e-a677-a3cf80630483,unknown (not in a season we hold),no,1,EFNL 2024,Kilsyth,2024-07-14,2024-07-14
opponent,William Whitty-Ryan,dbc7da01-a7bf-4556-af5e-8ee763feafd0,unknown (not in a season we hold),no,1,EFNL 2024,Kilsyth,2024-07-14,2024-07-14
opponent,Jake Heaton,1a7043bf-4435-4d0d-b73a-9506079591a0,unknown (not in a season we hold),no,1,EFNL 2024,Kilsyth,2024-07-14,2024-07-14
opponent,Maxwell Downie,381dfdbc-088b-4051-826c-b3e6333c0079,unknown (not in a season we hold),no,1,EFNL 2024,Kilsyth,2024-07-14,2024-07-14
opponent,Hudson Smith,b447f96b-4a60-4453-9d92-4faf76b5f5eb,unknown (not in a season we hold),no,1,EFNL 2024,Kilsyth,2024-07-14,2024-07-14
opponent,Darcy Starick,7a9e1745-fa88-42b2-a055-31f1b5ca4631,unknown (not in a season we hold),no,1,EFNL 2024,Kilsyth,2024-07-14,2024-07-14
opponent,Aiden Nicoll,3edc2807-c71e-40ae-805e-b7a363203caf,unknown (not in a season we hold),no,1,EFNL 2024,Kilsyth,2024-07-14,2024-07-14
opponent,Ace McLaren,1e22c14b-9387-4e78-8107-7b4a1d4aa36d,unknown (not in a season we hold),no,1,EFNL 2024,Kilsyth,2024-07-14,2024-07-14
team-mate (roster only),Max Tierney,a96c65be-74c4-47a2-8296-1d37072a1de8,unknown (mixed grade),yes,0,EFNL 2025,Norwood U11,,
